sponsor,url,title,domain,seendate,source_method,mention_type,event
Progressive,https://www.motorsport.com/nascar-cup/news/hamlin-domination-and-no-respect-winners-and-losers-from-martinsville/10708644/,,motorsport.com,20250331223000,bq_candidate_scrape,primary
Progressive,https://www.motorsport.com/nascar-cup/news/denny-hamlin-wins-martinsville-cup-toyota-bell-wallace/10708426/,,motorsport.com,20250331024500,bq_candidate_scrape,primary
Progressive,https://www.motorsport.com/nascar-cup/news/denny-hamlin-and-jgr-secure-major-sponsorship-deal-with-progressive/10704738/,,motorsport.com,20250319030000,bq_candidate_scrape,primary
Progressive,https://speedwaymedia.com/2025/03/23/nascar-top-10-power-rankings-homestead-16/,,speedwaymedia.com,20250324020000,bq_candidate_scrape,secondary
Progressive,https://racer.com/2025/04/27/buescher-and-company-frustrated-by-early-talladega-exit/,,racer.com,20250429154500,bq_candidate_scrape,passing
Progressive,https://racer.com/2025/04/13/larson-dominates-in-emotional-cup-series-victory-at-bristol/,,racer.com,20250414181500,bq_candidate_scrape,secondary
Progressive,https://www.motorsport.com/nascar-cup/news/another-mechanical-issue-ends-denny-hamlins-day-early/10721966/,,motorsport.com,20250512054500,bq_candidate_scrape,primary,multiple dnfs
Progressive,https://www.motorsport.com/nascar-cup/news/denny-hamlin-wins-dramatic-dover-nascar-cup-race-double-overtime/10743784/,,motorsport.com,20250721001500,bq_candidate_scrape,primary,dramatic win
Progressive,https://speedwaymedia.com/2025/07/20/nascar-top-10-power-rankings-dover-25/,,speedwaymedia.com,20250721071500,bq_candidate_scrape,secondary,1st ranked power rankings
Progressive,https://www.motorsport.com/nascar-cup/news/denny-hamlin-earns-toyota-200th-nascar-cup-win-gateway/10757692/,,motorsport.com,20250908001500,bq_candidate_scrape,primary,200th win for toyota
Progressive,https://www.si.com/onsi/racing-america/news/nascar-live-race-updates-enjoy-illinois-300-at-wwt-raceway-at-gateway,,si.com,20250908031500,bq_candidate_scrape,secondary,strong playoff start
Progressive,https://speedwaymedia.com/2025/09/07/hamlin-wins-the-nascar-cup-series-enjoy-illinois-300-at-wwtr/,,speedwaymedia.com,20250908033000,bq_candidate_scrape,primary,playoff win
Progressive,https://speedwaymedia.com/2025/09/03/toyota-200-nascar-cup-series-wins-stats-and-quotes/,,speedwaymedia.com,20250903170000,bq_candidate_scrape,primary,200th win for toyota
Progressive,https://speedwaymedia.com/2025/09/07/hamlin-adds-another-milestone-delivers-200th-cup-series-win-for-toyota/,,speedwaymedia.com,20250908033000,bq_candidate_scrape,primary,200th win for toyota
Progressive,https://speedwaymedia.com/2025/11/02/kyle-larson-rallies-for-second-cup-series-championship-ryan-blaney-scores-thrilling-overtime-victory-at-phoenix/,,speedwaymedia.com,20251103033000,bq_candidate_scrape,secondary,exciting overtime finish(6th place)
Progressive,https://speedwaymedia.com/2025/11/01/denny-hamlin-wins-pole-position-for-2025-cup-series-finale-at-phoenix/,,speedwaymedia.com,20251102031500,bq_candidate_scrape,primary,playoff pole
Progressive,https://speedwaymedia.com/2026/03/06/super-com-partners-with-rick-ware-racing-and-driver-cody-ware-for-nascar-cup-series-race-weekend-at-phoenix/,,speedwaymedia.com,20260307011500,bq_candidate_scrape
Cheddar's Scratch Kitchen,https://speedwaymedia.com/2025/08/24/chevrolet-ncs-at-daytona-2-post-race-report-2/,,speedwaymedia.com,20250824151500,bq_candidate_scrape,passing
Cheddar's Scratch Kitchen,https://speedwaymedia.com/2025/08/03/chevrolet-ncs-byron-drives-chevrolet-to-first-nascar-cup-series-win-at-iowa-speedway/,,speedwaymedia.com,20250804031500,bq_candidate_scrape,passing
Cheddar's Scratch Kitchen,https://speedwaymedia.com/2025/08/21/rcr-race-preview-daytona-international-speedway-4/,,speedwaymedia.com,20250821220000,bq_candidate_scrape,secondary
Cheddar's Scratch Kitchen,https://speedwaymedia.com/2025/08/24/rcr-ncs-race-recap-daytona-international-speedway-4/,,speedwaymedia.com,20250824151500,bq_candidate_scrape,passing
Cheddar's Scratch Kitchen,https://speedwaymedia.com/2025/09/27/chase-briscoe-tops-qualifying-scores-cup-series-pole-at-kansas/,,speedwaymedia.com,20250927221500,bq_candidate_scrape,passing
Cheddar's Scratch Kitchen,https://speedwaymedia.com/2025/10/16/rcr-race-preview-talladega-superspeedway-4/,,speedwaymedia.com,20251016203000,bq_candidate_scrape,secondary
Cheddar's Scratch Kitchen,https://speedwaymedia.com/2025/10/19/chevrolet-ncs-at-talladega-2-post-race-report-2/,,speedwaymedia.com,20251020001500,bq_candidate_scrape,passing
Cheddar's Scratch Kitchen,https://speedwaymedia.com/2025/10/19/rcr-ncs-race-recap-talladega-superspeedway-3/,,speedwaymedia.com,20251020001500,bq_candidate_scrape,passing
Love's Travel Stops,https://speedwaymedia.com/2025/02/15/ford-performance-notes-and-quotes-2025-ncts-daytona-post-race-quotes/,,speedwaymedia.com,20250215161500,bq_candidate_scrape,passing
Love's Travel Stops,https://speedwaymedia.com/2025/02/12/ford-performance-notes-and-quotes-2025-daytona-500-media-day/,,speedwaymedia.com,20250213023000,bq_candidate_scrape,secondary
Love's Travel Stops,https://speedwaymedia.com/2025/07/12/shane-van-gisbergen-dominates-sonoma-with-cup-series-pole/,,speedwaymedia.com,20250713053000,bq_candidate_scrape,passing
Love's Travel Stops,https://speedwaymedia.com/2025/08/08/corey-heim-survives-triple-overtime-to-claim-watkins-glen-truck-series-victory/,,speedwaymedia.com,20250809041500,bq_candidate_scrape,passing
Love's Travel Stops,https://frontstretch.com/2025/10/17/nascar-tv-schedule-this-weekend-talladega-channels-times/,,frontstretch.com,20251017114500,bq_candidate_scrape,passing
Love's Travel Stops,https://speedwaymedia.com/2025/10/19/ford-racing-notes-and-quotes-talladega-cup-series-post-race-quotes/,,speedwaymedia.com,20251020001500,bq_candidate_scrape,secondary
Love's Travel Stops,https://speedwaymedia.com/2025/10/11/denny-hamlin-secures-cup-series-pole-at-las-vegas/,,speedwaymedia.com,20251012060000,bq_candidate_scrape,passing
Love's Travel Stops,https://speedwaymedia.com/2026/02/15/loganos-third-place-finish-tops-ford-in-daytona-500-as-five-ford-mustang-dark-horses-finish-in-the-top-10/,,speedwaymedia.com,20260216030000,bq_candidate_scrape,passing
Busch Light,https://speedwaymedia.com/2025/02/13/nascar-and-anheuser-busch-extend-storied-partnership/,,speedwaymedia.com,20250213151500,bq_candidate_scrape,primary,extension of sponsorship
Busch Light,https://speedwaymedia.com/2025/02/16/william-byron-chevrolet-wins-2025-daytona-500/,,speedwaymedia.com,20250217150000,bq_candidate_scrape,passing
Busch Light,https://speedwaymedia.com/2025/02/13/chevrolet-ncs-at-daytona-duels-race-one-post-race-quotes/,,speedwaymedia.com,20250214150000,bq_candidate_scrape,passing
Busch Light,https://speedwaymedia.com/2025/05/19/chevrolet-takes-the-2025-manufacturer-showdown-at-the-nascar-all-star-race/,,speedwaymedia.com,20250519150000,bq_candidate_scrape,secondary
Busch Light,https://speedwaymedia.com/2025/05/14/team-chevy-nascar-race-advance-north-wilkesboro-speedway-3/,,speedwaymedia.com,20250514214500,bq_candidate_scrape,passing
Busch Light,https://speedwaymedia.com/2025/05/11/nascar-top-10-power-rankings-kansas-29/,,speedwaymedia.com,20250512031500,bq_candidate_scrape,secondary,10th ranked power rankings
Busch Light,https://speedwaymedia.com/2025/06/08/nascar-top-10-power-rankings-michigan-21/,,speedwaymedia.com,20250609050000,bq_candidate_scrape,secondary,4th ranked power rankings
Busch Light,https://speedwaymedia.com/2025/07/06/nascar-top-10-power-rankings-chicago-street-race-2/,,speedwaymedia.com,20250707004500,bq_candidate_scrape,secondary,9th ranked power rankings
Busch Light,https://speedwaymedia.com/2025/07/23/team-chevy-nascar-race-advance-indianapolis-2/,,speedwaymedia.com,20250724020000,bq_candidate_scrape,passing
Busch Light,https://speedwaymedia.com/2025/08/03/chevrolet-ncs-byron-drives-chevrolet-to-first-nascar-cup-series-win-at-iowa-speedway/,,speedwaymedia.com,20250804031500,bq_candidate_scrape,passing
Busch Light,https://speedwaymedia.com/2025/09/07/hamlin-wins-the-nascar-cup-series-enjoy-illinois-300-at-wwtr/,,speedwaymedia.com,20250908033000,bq_candidate_scrape,passing
Busch Light,https://speedwaymedia.com/2025/10/19/chevrolet-ncs-at-talladega-2-post-race-report-2/,,speedwaymedia.com,20251020001500,bq_candidate_scrape,passing
Busch Light,https://speedwaymedia.com/2025/10/15/team-chevy-nascar-race-advance-talladega-superspeedway-2-2/,,speedwaymedia.com,20251016010000,bq_candidate_scrape,passing
Busch Light,https://speedwaymedia.com/2026/02/13/chevrolet-ncs-at-daytona-duels-post-race-report/,,speedwaymedia.com,20260213143000,bq_candidate_scrape,passing
Castrol,https://speedwaymedia.com/2025/03/16/josh-berry-wins-first-cup-series-race-101st-for-wood-brothers-racing/,,speedwaymedia.com,20250317003000,bq_candidate_scrape,passing
Castrol,https://speedwaymedia.com/2025/07/12/shane-van-gisbergen-dominates-sonoma-with-cup-series-pole/,,speedwaymedia.com,20250713053000,bq_candidate_scrape,passing
Castrol,https://speedwaymedia.com/2026/02/16/keselowskis-comeback-headlines-strong-rfk-showing-at-daytona/,,speedwaymedia.com,20260216170000,bq_candidate_scrape,primary,comeback win
Castrol,https://speedwaymedia.com/2026/02/15/loganos-third-place-finish-tops-ford-in-daytona-500-as-five-ford-mustang-dark-horses-finish-in-the-top-10/,,speedwaymedia.com,20260216030000,bq_candidate_scrape,passing
Castrol,https://speedwaymedia.com/2026/02/10/rfk-racing-daytona-500-advance/,,speedwaymedia.com,20260210213000,bq_candidate_scrape,secondary
Cheddar's Scratch Kitchen,https://speedwaymedia.com/2026/04/23/rcr-race-preview-talladega-superspeedway-5/,,speedwaymedia.com,20260424011500,bq_candidate_scrape,primary,race preview
Busch Light,https://speedwaymedia.com/2026/04/08/team-chevy-nascar-race-advance-bristol-motor-speedway-5/,,speedwaymedia.com,20260408213000,bq_candidate_scrape,secondary
Castrol,https://speedwaymedia.com/2026/04/27/rfk-racing-talladega-race-summary/,,speedwaymedia.com,20260427133000,bq_candidate_scrape,secondary
Castrol,https://speedwaymedia.com/2026/04/23/rfk-racing-talladega-i-advance/,,speedwaymedia.com,20260423210000,bq_candidate_scrape,passing
Castrol,https://www.motorsport.com/nascar-cup/news/chris-buescher-signs-multi-year-contract-extension-with-rfk-racing/10830863/,,motorsport.com,20260616154500,bq_candidate_scrape,passing
