race_number,race_name,race_date,primary_sponsor,finish_position,laps_led,reddit_mention_count,youtube_total_view_count,youtube_total_duration_seconds,youtube_total_like_count,num_youtube_videos,driver_search_interest,sponsor_search_interest,news_total_mentions,news_primary_mentions,news_weighted_mentions,news_secondary_mentions,news_passing_mentions,merge_key,Visibility_Score_Shifted,is_win,is_playoff,finish_z,laps_led_z,visibility_z,ROI_Visibility_Score,visibility_score
1,2025 Daytona 500,2025-02-16,Busch Light,40,0,6.0,109233.0,3463.0,2241.0,7.0,13.0,18.0,1.0,0.0,0.6,0.0,1.0,1_Busch Light,1.22,0,0,-2.1607234795332406,-0.4982447747920537,0.41913248960876964,9.390687307822848,9.390687307822848
1,2025 Daytona 500,2025-02-16,Castrol,26,0,5.0,131971.0,1222.0,6782.0,2.0,11.0,24.0,0.0,0.0,0.0,0.0,0.0,1_Castrol,0.92,0,0,-0.9727559887938493,-0.4982447747920537,0.10495922849026337,6.96206127993763,6.96206127993763
1,2025 Daytona 500,2025-02-16,Love's Travel Stops,27,0,4.0,25922.0,4674.0,1321.0,10.0,100.0,22.0,0.0,0.0,0.0,0.0,0.0,1_Love's Travel Stops,0.3599999999999999,0,0,-1.0576108095609487,-0.4982447747920537,-0.4814975255976153,2.4286260278852185,2.4286260278852185
1,2025 Daytona 500,2025-02-16,Other/Unknown,1,196,0.0,0.0,0.0,0.0,0.0,,,0.0,0.0,0.0,0.0,0.0,1_Other/Unknown,,1,0,1.148614530383635,1.4461391046734589,,,
1,2025 Daytona 500,2025-02-16,Progressive,24,6,11.0,172641.0,2159.0,3488.0,5.0,3.0,80.0,0.0,0.0,0.0,0.0,0.0,1_Progressive,1.47,0,0,-0.8030463472596506,-0.4387228192982115,0.6809435405408583,11.782636216143754,11.782636216143754
2,2025 Ambetter Health 400,2025-02-23,Busch Light,8,25,9.0,109233.0,3463.0,2241.0,7.0,8.0,14.0,0.0,0.0,0.0,0.0,0.0,2_Busch Light,1.05,0,0,0.5546307850139394,-0.2502366269010444,0.24110097497494945,9.548190413201318,9.548190413201318
2,2025 Ambetter Health 400,2025-02-23,Castrol,39,0,4.0,131971.0,1222.0,6782.0,2.0,4.0,26.0,0.0,0.0,0.0,0.0,0.0,2_Castrol,0.86,0,0,-2.0758686587661415,-0.4982447747920537,0.04212457626656206,6.476336074360585,6.476336074360585
2,2025 Ambetter Health 400,2025-02-23,Love's Travel Stops,15,7,1.0,25922.0,4674.0,1321.0,10.0,78.0,0.0,0.0,0.0,0.0,0.0,0.0,2_Love's Travel Stops,0.1799999999999999,0,0,-0.03935296035575625,-0.42880249338257115,-0.6700014822687189,1.4008932770845144,1.4008932770845144
2,2025 Ambetter Health 400,2025-02-23,Other/Unknown,1,234,0.0,0.0,0.0,0.0,0.0,,,0.0,0.0,0.0,0.0,0.0,2_Other/Unknown,,1,0,1.148614530383635,1.823111489467793,,,
2,2025 Ambetter Health 400,2025-02-23,Progressive,6,0,5.0,247038.0,3136.0,4014.0,7.0,1.0,88.0,0.0,0.0,0.0,0.0,0.0,2_Progressive,1.46,0,0,0.7243404265481381,-0.4982447747920537,0.6704710985035747,11.333588130131025,11.333588130131025
3,2025 EchoPark Automotive Grand Prix,2025-03-02,Busch Light,12,0,8.0,126610.0,4461.0,2759.0,8.0,6.0,19.0,0.0,0.0,0.0,0.0,0.0,3_Busch Light,1.0699999999999998,0,0,0.21521150194554187,-0.4982447747920537,0.2620458590495163,8.176374293880237,8.176374293880237
3,2025 EchoPark Automotive Grand Prix,2025-03-02,Castrol,15,0,8.0,131971.0,1222.0,6782.0,2.0,6.0,24.0,0.0,0.0,0.0,0.0,0.0,3_Castrol,1.1,0,0,-0.03935296035575625,-0.4982447747920537,0.2934631851613672,8.41923689666876,8.41923689666876
3,2025 EchoPark Automotive Grand Prix,2025-03-02,Love's Travel Stops,10,0,6.0,25462.0,4223.0,1315.0,10.0,38.0,24.0,0.0,0.0,0.0,0.0,0.0,3_Love's Travel Stops,0.4799999999999999,0,0,0.3849211434797406,-0.4982447747920537,-0.3558282211502127,3.4000764390393075,3.4000764390393075
3,2025 EchoPark Automotive Grand Prix,2025-03-02,Other/Unknown,1,95,0.0,0.0,0.0,0.0,0.0,,,0.0,0.0,0.0,0.0,0.0,3_Other/Unknown,,1,0,1.148614530383635,0.4441861871937815,,,
3,2025 EchoPark Automotive Grand Prix,2025-03-02,Progressive,21,0,5.0,247036.0,3136.0,4014.0,7.0,1.0,82.0,0.0,0.0,0.0,0.0,0.0,3_Progressive,1.46,0,0,-0.5484818849583525,-0.4982447747920537,0.6704710985035747,11.333588130131025,11.333588130131025
4,2025 Shriners Childrens 500,2025-03-09,Busch Light,11,0,6.0,109232.0,3463.0,2241.0,7.0,3.0,18.0,0.0,0.0,0.0,0.0,0.0,4_Busch Light,0.87,0,0,0.3000663227126412,-0.4982447747920537,0.05259701830384561,6.557290275290092,6.557290275290092
4,2025 Shriners Childrens 500,2025-03-09,Castrol,33,0,3.0,131971.0,1222.0,6782.0,2.0,2.0,26.0,0.0,0.0,0.0,0.0,0.0,4_Castrol,0.7999999999999999,0,0,-1.5667397341635452,-0.4982447747920537,-0.020710075957139258,5.990610868783541,5.990610868783541
4,2025 Shriners Childrens 500,2025-03-09,Love's Travel Stops,17,0,1.0,25922.0,4674.0,1321.0,10.0,24.0,0.0,0.0,0.0,0.0,0.0,0.0,4_Love's Travel Stops,0.1799999999999999,0,0,-0.20906260188995499,-0.4982447747920537,-0.6700014822687189,0.9714504111540888,0.9714504111540888
4,2025 Shriners Childrens 500,2025-03-09,Other/Unknown,1,309,0.0,0.0,0.0,0.0,0.0,,,0.0,0.0,0.0,0.0,0.0,4_Other/Unknown,,1,0,1.148614530383635,2.567135933140821,,,
4,2025 Shriners Childrens 500,2025-03-09,Progressive,2,3,7.0,247036.0,3136.0,4014.0,7.0,1.0,77.0,0.0,0.0,0.0,0.0,0.0,4_Progressive,1.58,0,0,1.0637597096165357,-0.4684837970451326,0.7961404029509773,12.489085483826724,12.489085483826724
5,2025 Pennzoil 400,2025-03-16,Busch Light,5,14,3.0,109232.0,3463.0,2241.0,7.0,4.0,23.0,0.0,0.0,0.0,0.0,0.0,5_Busch Light,0.69,0,0,0.8091952473152374,-0.35936021197308854,-0.13590693836725823,5.9590003904198126,5.9590003904198126
5,2025 Pennzoil 400,2025-03-16,Castrol,11,0,3.0,131971.0,1222.0,6782.0,2.0,3.0,25.0,1.0,0.0,0.6,0.0,1.0,5_Castrol,1.15,0,0,0.3000663227126412,-0.4982447747920537,0.3458253953477848,8.824007901316296,8.824007901316296
5,2025 Pennzoil 400,2025-03-16,Love's Travel Stops,29,0,2.0,25701.0,4023.0,1316.0,10.0,29.0,22.0,0.0,0.0,0.0,0.0,0.0,5_Love's Travel Stops,0.24,0,0,-1.2273204510951474,-0.4982447747920537,-0.6071668300450177,1.4571756167311314,1.4571756167311314
5,2025 Pennzoil 400,2025-03-16,Other/Unknown,1,253,0.0,0.0,0.0,0.0,0.0,,,0.0,0.0,0.0,0.0,0.0,5_Other/Unknown,,1,0,1.148614530383635,2.01159768186496,,,
5,2025 Pennzoil 400,2025-03-16,Progressive,25,0,34.0,247038.0,3136.0,4014.0,7.0,1.0,80.0,1.0,1.0,0.8,0.0,0.0,5_Progressive,3.54,0,0,-0.8879011680267499,-0.4982447747920537,2.848739042258552,28.172061923468544,28.172061923468544
6,2025 Straight Talk Wireless 400,2025-03-23,Busch Light,31,0,9.0,168492.0,3906.0,3432.0,7.0,3.0,20.0,0.0,0.0,0.0,0.0,0.0,6_Busch Light,1.33,0,0,-1.3970300926293464,-0.4982447747920537,0.5343293520188888,10.281183518047431,10.281183518047431
6,2025 Straight Talk Wireless 400,2025-03-23,Castrol,26,0,1.0,131971.0,1222.0,6782.0,2.0,2.0,24.0,0.0,0.0,0.0,0.0,0.0,6_Castrol,0.6799999999999999,0,0,-0.9727559887938493,-0.4982447747920537,-0.1463793804045418,5.019160457629454,5.019160457629454
6,2025 Straight Talk Wireless 400,2025-03-23,Love's Travel Stops,30,0,1.0,25922.0,4674.0,1321.0,10.0,0.0,24.0,0.0,0.0,0.0,0.0,0.0,6_Love's Travel Stops,0.1799999999999999,0,0,-1.3121752718622468,-0.4982447747920537,-0.6700014822687189,0.9714504111540888,0.9714504111540888
6,2025 Straight Talk Wireless 400,2025-03-23,Other/Unknown,1,252,0.0,0.0,0.0,0.0,0.0,,,0.0,0.0,0.0,0.0,0.0,6_Other/Unknown,,1,0,1.148614530383635,2.0016773559493197,,,
6,2025 Straight Talk Wireless 400,2025-03-23,Progressive,5,15,6.0,247034.0,3136.0,4014.0,7.0,1.0,77.0,1.0,0.0,0.6,1.0,0.0,6_Progressive,1.87,0,0,0.8091952473152374,-0.34943988605744813,1.0998412220322002,15.572945080948882,15.572945080948882
7,2025 Cook Out 400,2025-03-30,Busch Light,6,0,5.0,108169.0,3123.0,2255.0,6.0,4.0,18.0,0.0,0.0,0.0,0.0,0.0,7_Busch Light,0.8099999999999999,0,0,0.7243404265481381,-0.4982447747920537,-0.010237633919855705,6.071565069713048,6.071565069713048
7,2025 Cook Out 400,2025-03-30,Castrol,26,0,7.0,200378.0,2267.0,7518.0,4.0,3.0,23.0,0.0,0.0,0.0,0.0,0.0,7_Castrol,1.36,0,0,-0.9727559887938493,-0.4982447747920537,0.5657466781307394,10.524046120835951,10.524046120835951
7,2025 Cook Out 400,2025-03-30,Love's Travel Stops,10,0,3.0,25922.0,4674.0,1321.0,10.0,24.0,0.0,0.0,0.0,0.0,0.0,0.0,7_Love's Travel Stops,0.2999999999999999,0,0,0.3849211434797406,-0.4982447747920537,-0.5443321778213165,1.942900822308175,1.942900822308175
7,2025 Cook Out 400,2025-03-30,Other/Unknown,2,126,0.0,0.0,0.0,0.0,0.0,,,0.0,0.0,0.0,0.0,0.0,7_Other/Unknown,,0,0,1.0637597096165357,0.751716290578633,,,
7,2025 Cook Out 400,2025-03-30,Progressive,1,274,15.0,247036.0,3136.0,4014.0,7.0,2.0,80.0,2.0,2.0,1.6,0.0,0.0,7_Progressive,2.75,1,0,1.148614530383635,2.2199245260934077,2.021416121313152,39.51392628598449,39.51392628598449
8,2025 Goodyear 400,2025-04-06,Busch Light,7,0,4.0,168493.0,3906.0,3432.0,7.0,3.0,17.0,0.0,0.0,0.0,0.0,0.0,8_Busch Light,1.03,0,0,0.6394856057810387,-0.4982447747920537,0.22015609090038235,7.8525574901622095,7.8525574901622095
8,2025 Goodyear 400,2025-04-06,Castrol,33,0,5.0,131971.0,1222.0,6782.0,2.0,2.0,25.0,0.0,0.0,0.0,0.0,0.0,8_Castrol,0.92,0,0,-1.5667397341635452,-0.4982447747920537,0.10495922849026337,6.96206127993763,6.96206127993763
8,2025 Goodyear 400,2025-04-06,Cheddar's Scratch Kitchen,31,0,2.0,336003.0,5490.0,11566.0,10.0,,,0.0,0.0,0.0,0.0,0.0,8_Cheddar's Scratch Kitchen,1.7,0,0,-1.3970300926293464,-0.4982447747920537,0.9218097073983798,13.2764889524392,13.2764889524392
8,2025 Goodyear 400,2025-04-06,Love's Travel Stops,14,0,2.0,25922.0,4674.0,1321.0,10.0,0.0,0.0,0.0,0.0,0.0,0.0,0.0,8_Love's Travel Stops,0.24,0,0,0.04550186041134312,-0.4982447747920537,-0.6071668300450177,1.4571756167311314,1.4571756167311314
8,2025 Goodyear 400,2025-04-06,Other/Unknown,2,287,0.0,0.0,0.0,0.0,0.0,,,0.0,0.0,0.0,0.0,0.0,8_Other/Unknown,,0,0,1.0637597096165357,2.3488887629967325,,,
8,2025 Goodyear 400,2025-04-06,Progressive,1,10,12.0,246453.0,2716.0,4001.0,6.0,2.0,72.0,0.0,0.0,0.0,0.0,0.0,8_Progressive,1.88,1,0,1.148614530383635,-0.39904151563565,1.1103136640694835,16.27477986145557,16.27477986145557
9,2025 Food City 500,2025-04-13,Busch Light,7,0,8.0,126610.0,4461.0,2759.0,8.0,2.0,55.5,0.0,0.0,0.0,0.0,0.0,9_Busch Light,1.0699999999999998,0,0,0.6394856057810387,-0.4982447747920537,0.2620458590495163,8.176374293880237,8.176374293880237
9,2025 Food City 500,2025-04-13,Castrol,16,0,7.0,131971.0,1222.0,6782.0,2.0,2.0,24.5,0.0,0.0,0.0,0.0,0.0,9_Castrol,1.04,0,0,-0.12420778112285562,-0.4982447747920537,0.23062853293766591,7.933511691091717,7.933511691091717
9,2025 Food City 500,2025-04-13,Love's Travel Stops,35,0,2.0,21681.0,3289.0,1192.0,8.0,0.0,17.5,0.0,0.0,0.0,0.0,0.0,9_Love's Travel Stops,0.2199999999999999,0,0,-1.7364493756977437,-0.4982447747920537,-0.6281117141195849,1.295267214872116,1.295267214872116
9,2025 Food City 500,2025-04-13,Other/Unknown,1,500,0.0,0.0,0.0,0.0,0.0,,,0.0,0.0,0.0,0.0,0.0,9_Other/Unknown,,1,0,1.148614530383635,4.461918183028132,,,
9,2025 Food City 500,2025-04-13,Progressive,2,0,12.0,247036.0,3136.0,4014.0,7.0,0.5,76.5,1.0,0.0,0.6,1.0,0.0,9_Progressive,2.22,0,0,1.0637597096165357,-0.4982447747920537,1.4663766933371243,17.486107400773584,17.486107400773584
10,2025 Jack Links 500,2025-04-27,Busch Light,20,11,9.0,109232.0,3463.0,2241.0,7.0,4.0,90.0,0.0,0.0,0.0,0.0,0.0,10_Busch Light,1.05,0,0,-0.4636270641912531,-0.38912118972000964,0.24110097497494945,8.689304681340467,8.689304681340467
10,2025 Jack Links 500,2025-04-27,Castrol,36,0,6.0,131971.0,1222.0,6782.0,2.0,6.0,26.0,0.0,0.0,0.0,0.0,0.0,10_Castrol,0.98,0,0,-1.821304196464843,-0.4982447747920537,0.1677938807139646,7.447786485514674,7.447786485514674
10,2025 Jack Links 500,2025-04-27,Love's Travel Stops,16,0,3.0,26172.0,5228.0,1332.0,10.0,22.0,30.0,0.0,0.0,0.0,0.0,0.0,10_Love's Travel Stops,0.2999999999999999,0,0,-0.12420778112285562,-0.4982447747920537,-0.5443321778213165,1.942900822308175,1.942900822308175
10,2025 Jack Links 500,2025-04-27,Other/Unknown,1,170,0.0,0.0,0.0,0.0,0.0,,,0.0,0.0,0.0,0.0,0.0,10_Other/Unknown,,1,0,1.148614530383635,1.1882106308668094,,,
10,2025 Jack Links 500,2025-04-27,Progressive,21,7,8.0,247036.0,3136.0,4014.0,7.0,1.0,77.0,1.0,0.0,0.6,0.0,1.0,10_Progressive,1.99,0,0,-0.5484818849583525,-0.42880249338257115,1.2255105264796025,16.05360364532534,16.05360364532534
11,2025 Wurth 400 Presented by LIQUI MOLY,2025-05-04,Busch Light,2,0,2.0,109232.0,3463.0,2241.0,7.0,6.0,82.0,0.0,0.0,0.0,0.0,0.0,11_Busch Light,0.6299999999999999,0,0,1.0637597096165357,-0.4982447747920537,-0.19874159059095955,4.614389452981917,4.614389452981917
11,2025 Wurth 400 Presented by LIQUI MOLY,2025-05-04,Castrol,28,0,8.0,131971.0,1222.0,6782.0,2.0,3.0,25.0,0.0,0.0,0.0,0.0,0.0,11_Castrol,1.1,0,0,-1.142465630328048,-0.4982447747920537,0.2934631851613672,8.41923689666876,8.41923689666876
11,2025 Wurth 400 Presented by LIQUI MOLY,2025-05-04,Love's Travel Stops,11,4,2.0,25922.0,4674.0,1321.0,10.0,0.0,27.0,0.0,0.0,0.0,0.0,0.0,11_Love's Travel Stops,0.24,0,0,0.3000663227126412,-0.45856347112949225,-0.6071668300450177,1.7025715401199466,1.7025715401199466
11,2025 Wurth 400 Presented by LIQUI MOLY,2025-05-04,Other/Unknown,1,266,0.0,0.0,0.0,0.0,0.0,,,0.0,0.0,0.0,0.0,0.0,11_Other/Unknown,,1,0,1.148614530383635,2.140561918768285,,,
11,2025 Wurth 400 Presented by LIQUI MOLY,2025-05-04,Progressive,38,1,8.0,172643.0,2159.0,3488.0,5.0,1.0,82.0,0.0,0.0,0.0,0.0,0.0,11_Progressive,1.29,0,0,-1.9910138379990419,-0.48832444887641335,0.4924395838697545,10.018715695176605,10.018715695176605
12,2025 AdventHealth 400,2025-05-11,Busch Light,18,0,8.0,66286.0,3678.0,1582.0,7.0,4.0,60.5,3.0,0.0,1.7999999999999998,2.0,1.0,12_Busch Light,1.83,0,0,-0.29391742265705434,-0.4982447747920537,1.057951453883066,14.328893564522796,14.328893564522796
12,2025 AdventHealth 400,2025-05-11,Castrol,37,0,15.0,131973.0,1222.0,6782.0,2.0,4.0,26.0,0.0,0.0,0.0,0.0,0.0,12_Castrol,1.52,0,0,-1.9061590172319425,-0.4982447747920537,0.733305750727276,11.819313335708069,11.819313335708069
12,2025 AdventHealth 400,2025-05-11,Love's Travel Stops,12,0,3.0,25922.0,4674.0,1321.0,10.0,0.0,26.5,0.0,0.0,0.0,0.0,0.0,12_Love's Travel Stops,0.2999999999999999,0,0,0.21521150194554187,-0.4982447747920537,-0.5443321778213165,1.942900822308175,1.942900822308175
12,2025 AdventHealth 400,2025-05-11,Other/Unknown,1,265,0.0,0.0,0.0,0.0,0.0,,,0.0,0.0,0.0,0.0,0.0,12_Other/Unknown,,1,0,1.148614530383635,2.1306415928526445,,,
12,2025 AdventHealth 400,2025-05-11,Progressive,36,2,18.0,247037.0,3136.0,4014.0,7.0,1.0,74.0,1.0,1.0,0.8,0.0,0.0,12_Progressive,2.58,0,0,-1.821304196464843,-0.478404122960773,1.8433846066793318,20.523156595930253,20.523156595930253
13,2025 Coca-Cola 600,2025-05-25,Busch Light,1,8,14.0,109233.0,3463.0,2241.0,7.0,29.0,56.0,0.0,0.0,0.0,0.0,0.0,13_Busch Light,1.35,1,0,1.148614530383635,-0.41888216746693074,0.5552742360934558,11.861509250497278,11.861509250497278
13,2025 Coca-Cola 600,2025-05-25,Castrol,5,5,4.0,131973.0,1222.0,6782.0,2.0,5.0,23.0,0.0,0.0,0.0,0.0,0.0,13_Castrol,0.86,0,0,0.8091952473152374,-0.44864314521385185,0.04212457626656206,6.783080978596605,6.783080978596605
13,2025 Coca-Cola 600,2025-05-25,Love's Travel Stops,18,0,2.0,25922.0,4674.0,1321.0,10.0,40.0,40.0,0.0,0.0,0.0,0.0,0.0,13_Love's Travel Stops,0.24,0,0,-0.29391742265705434,-0.4982447747920537,-0.6071668300450177,1.4571756167311314,1.4571756167311314
13,2025 Coca-Cola 600,2025-05-25,Other/Unknown,2,334,0.0,0.0,0.0,0.0,0.0,,,0.0,0.0,0.0,0.0,0.0,13_Other/Unknown,,0,0,1.0637597096165357,2.8151440810318302,,,
13,2025 Coca-Cola 600,2025-05-25,Progressive,16,53,4.0,270848.0,4027.0,4571.0,8.0,1.0,77.0,0.0,0.0,0.0,0.0,0.0,13_Progressive,1.5099999999999998,0,0,-0.12420778112285562,0.027532498736885944,0.7228333086899922,14.989855119680357,14.989855119680357
14,2025 Cracker Barrel 400,2025-06-01,Busch Light,11,0,7.0,109233.0,3463.0,2241.0,7.0,6.0,55.0,0.0,0.0,0.0,0.0,0.0,14_Busch Light,0.93,0,0,0.3000663227126412,-0.4982447747920537,0.11543167052754694,7.043015480867136,7.043015480867136
14,2025 Cracker Barrel 400,2025-06-01,Castrol,23,3,3.0,131971.0,1222.0,6782.0,2.0,3.0,25.0,0.0,0.0,0.0,0.0,0.0,14_Castrol,0.7999999999999999,0,0,-0.7181915264925512,-0.4684837970451326,-0.020710075957139258,6.174657811325153,6.174657811325153
14,2025 Cracker Barrel 400,2025-06-01,Love's Travel Stops,22,0,2.0,25922.0,4674.0,1321.0,10.0,0.0,26.0,0.0,0.0,0.0,0.0,0.0,14_Love's Travel Stops,0.24,0,0,-0.6333367057254519,-0.4982447747920537,-0.6071668300450177,1.4571756167311314,1.4571756167311314
14,2025 Cracker Barrel 400,2025-06-01,Other/Unknown,1,218,0.0,0.0,0.0,0.0,0.0,,,0.0,0.0,0.0,0.0,0.0,14_Other/Unknown,,1,0,1.148614530383635,1.664386274817547,,,
14,2025 Cracker Barrel 400,2025-06-01,Progressive,3,79,11.0,247038.0,3136.0,4014.0,7.0,2.0,78.0,0.0,0.0,0.0,0.0,0.0,14_Progressive,1.82,0,0,0.9789048888494362,0.2854609725435356,1.0474790118457822,19.094508850522384,19.094508850522384
15,2025 Firekeepers Casino 400,2025-06-08,Busch Light,6,0,4.0,109232.0,3463.0,2241.0,7.0,6.0,47.0,1.0,0.0,0.6,1.0,0.0,15_Busch Light,1.1,0,0,0.7243404265481381,-0.4982447747920537,0.2934631851613672,8.41923689666876,8.41923689666876
15,2025 Firekeepers Casino 400,2025-06-08,Castrol,10,0,6.0,131971.0,1222.0,6782.0,2.0,3.0,25.0,0.0,0.0,0.0,0.0,0.0,15_Castrol,0.98,0,0,0.3849211434797406,-0.4982447747920537,0.1677938807139646,7.447786485514674,7.447786485514674
15,2025 Firekeepers Casino 400,2025-06-08,Love's Travel Stops,33,0,4.0,25922.0,4674.0,1321.0,10.0,41.0,25.0,0.0,0.0,0.0,0.0,0.0,15_Love's Travel Stops,0.3599999999999999,0,0,-1.5667397341635452,-0.4982447747920537,-0.4814975255976153,2.4286260278852185,2.4286260278852185
15,2025 Firekeepers Casino 400,2025-06-08,Other/Unknown,2,195,0.0,0.0,0.0,0.0,0.0,,,0.0,0.0,0.0,0.0,0.0,15_Other/Unknown,,0,0,1.0637597096165357,1.4362187787578184,,,
15,2025 Firekeepers Casino 400,2025-06-08,Progressive,1,5,17.0,247036.0,3136.0,4014.0,7.0,3.0,78.0,0.0,0.0,0.0,0.0,0.0,15_Progressive,2.18,1,0,1.148614530383635,-0.44864314521385185,1.4244869251879901,18.396660985104777,18.396660985104777
16,2025 Viva Mexico 250,2025-06-15,Busch Light,16,0,5.0,169557.0,4246.0,3418.0,8.0,6.0,79.0,0.0,0.0,0.0,0.0,0.0,16_Busch Light,1.1,0,0,-0.12420778112285562,-0.4982447747920537,0.2934631851613672,8.41923689666876,8.41923689666876
16,2025 Viva Mexico 250,2025-06-15,Castrol,25,0,3.0,131971.0,1222.0,6782.0,2.0,2.0,23.0,0.0,0.0,0.0,0.0,0.0,16_Castrol,0.7999999999999999,0,0,-0.8879011680267499,-0.4982447747920537,-0.020710075957139258,5.990610868783541,5.990610868783541
16,2025 Viva Mexico 250,2025-06-15,Love's Travel Stops,22,0,3.0,25922.0,4674.0,1321.0,10.0,0.0,35.0,0.0,0.0,0.0,0.0,0.0,16_Love's Travel Stops,0.2999999999999999,0,0,-0.6333367057254519,-0.4982447747920537,-0.5443321778213165,1.942900822308175,1.942900822308175
16,2025 Viva Mexico 250,2025-06-15,Other/Unknown,1,100,0.0,0.0,0.0,0.0,0.0,,,0.0,0.0,0.0,0.0,0.0,16_Other/Unknown,,1,0,1.148614530383635,0.49378781677198336,,,
17,2025 The Great American Getaway 400,2025-06-22,Busch Light,26,0,3.0,109232.0,3463.0,2241.0,7.0,6.0,41.0,0.0,0.0,0.0,0.0,0.0,17_Busch Light,0.69,0,0,-0.9727559887938493,-0.4982447747920537,-0.13590693836725823,5.100114658558961,5.100114658558961
17,2025 The Great American Getaway 400,2025-06-22,Castrol,9,27,10.0,131971.0,1222.0,6782.0,2.0,4.0,25.0,0.0,0.0,0.0,0.0,0.0,17_Castrol,1.22,0,0,0.46977596424684,-0.2303959750697637,0.41913248960876964,11.047109790697348,11.047109790697348
17,2025 The Great American Getaway 400,2025-06-22,Love's Travel Stops,28,0,2.0,25684.0,4103.0,1329.0,10.0,26.0,40.0,0.0,0.0,0.0,0.0,0.0,17_Love's Travel Stops,0.24,0,0,-1.142465630328048,-0.4982447747920537,-0.6071668300450177,1.4571756167311314,1.4571756167311314
17,2025 The Great American Getaway 400,2025-06-22,Other/Unknown,1,101,0.0,0.0,0.0,0.0,0.0,,,0.0,0.0,0.0,0.0,0.0,17_Other/Unknown,,1,0,1.148614530383635,0.5037081426876238,,,
17,2025 The Great American Getaway 400,2025-06-22,Progressive,2,32,10.0,247036.0,3136.0,4014.0,7.0,1.0,82.0,0.0,0.0,0.0,0.0,0.0,17_Progressive,1.7599999999999998,0,0,1.0637597096165357,-0.18079434549156184,0.9846443596220807,15.72538154512676,15.72538154512676
18,2025 Quaker State 400,2025-06-28,Busch Light,33,0,5.0,66286.0,3678.0,1582.0,7.0,4.0,42.0,0.0,0.0,0.0,0.0,0.0,18_Busch Light,0.61,0,0,-1.5667397341635452,-0.4982447747920537,-0.21968647466552654,4.452481051122903,4.452481051122903
18,2025 Quaker State 400,2025-06-28,Castrol,2,46,8.0,131971.0,1222.0,6782.0,2.0,5.0,25.0,0.0,0.0,0.0,0.0,0.0,18_Castrol,1.1,0,0,1.0637597096165357,-0.04190978267259665,0.2934631851613672,11.241290015640134,11.241290015640134
18,2025 Quaker State 400,2025-06-28,Love's Travel Stops,27,0,3.0,23404.0,4963.0,1305.0,10.0,0.0,29.0,0.0,0.0,0.0,0.0,0.0,18_Love's Travel Stops,0.2899999999999999,0,0,-1.0576108095609487,-0.4982447747920537,-0.5548046198586,1.861946621378668,1.861946621378668
18,2025 Quaker State 400,2025-06-28,Other/Unknown,1,214,0.0,0.0,0.0,0.0,0.0,,,0.0,0.0,0.0,0.0,0.0,18_Other/Unknown,,1,0,1.148614530383635,1.6247049711549855,,,
18,2025 Quaker State 400,2025-06-28,Progressive,31,0,10.0,247038.0,3136.0,4014.0,7.0,1.0,76.0,0.0,0.0,0.0,0.0,0.0,18_Progressive,1.7599999999999998,0,0,-1.3970300926293464,-0.4982447747920537,0.9846443596220807,13.762214158016242,13.762214158016242
19,2025 Grant Park 165,2025-07-06,Busch Light,10,0,6.0,110765.0,4199.0,2288.0,8.0,15.0,30.0,1.0,0.0,0.6,1.0,0.0,19_Busch Light,1.23,0,0,0.3849211434797406,-0.4982447747920537,0.4296049316460532,9.471641508752356,9.471641508752356
19,2025 Grant Park 165,2025-07-06,Castrol,37,0,5.0,106347.0,986.0,4306.0,2.0,3.0,26.0,0.0,0.0,0.0,0.0,0.0,19_Castrol,0.7999999999999999,0,0,-1.9061590172319425,-0.4982447747920537,-0.020710075957139258,5.990610868783541,5.990610868783541
19,2025 Grant Park 165,2025-07-06,Cheddar's Scratch Kitchen,9,0,4.0,336003.0,5490.0,11566.0,10.0,,,0.0,0.0,0.0,0.0,0.0,19_Cheddar's Scratch Kitchen,1.82,0,0,0.46977596424684,-0.4982447747920537,1.0474790118457822,14.247939363593288,14.247939363593288
19,2025 Grant Park 165,2025-07-06,Love's Travel Stops,38,0,1.0,25804.0,4372.0,1341.0,10.0,0.0,28.0,0.0,0.0,0.0,0.0,0.0,19_Love's Travel Stops,0.1799999999999999,0,0,-1.9910138379990419,-0.4982447747920537,-0.6700014822687189,0.9714504111540888,0.9714504111540888
19,2025 Grant Park 165,2025-07-06,Other/Unknown,1,75,0.0,0.0,0.0,0.0,0.0,,,0.0,0.0,0.0,0.0,0.0,19_Other/Unknown,,1,0,1.148614530383635,0.2457796688809741,,,
19,2025 Grant Park 165,2025-07-06,Progressive,4,0,8.0,247037.0,3136.0,4014.0,7.0,1.0,83.0,0.0,0.0,0.0,0.0,0.0,19_Progressive,1.64,0,0,0.8940500680823368,-0.4982447747920537,0.8589750551746784,12.790763746862154,12.790763746862154
20,2025 Toyota Save Mart 350,2025-07-13,Busch Light,24,4,4.0,109232.0,3463.0,2241.0,7.0,8.0,25.0,0.0,0.0,0.0,0.0,0.0,20_Busch Light,0.75,0,0,-0.8030463472596506,-0.45856347112949225,-0.0730722861435569,5.83123578752482,5.83123578752482
20,2025 Toyota Save Mart 350,2025-07-13,Castrol,11,0,5.0,0.0,0.0,0.0,0.0,3.0,30.0,1.0,0.0,0.6,0.0,1.0,20_Castrol,0.6499999999999999,0,0,0.3000663227126412,-0.4982447747920537,-0.17779670651639243,4.776297854840931,4.776297854840931
20,2025 Toyota Save Mart 350,2025-07-13,Love's Travel Stops,22,0,3.0,0.0,0.0,0.0,0.0,0.0,32.0,1.0,0.0,0.6,0.0,1.0,20_Love's Travel Stops,0.53,0,0,-0.6333367057254519,-0.4982447747920537,-0.30346601096379483,3.804847443686845,3.804847443686845
20,2025 Toyota Save Mart 350,2025-07-13,Other/Unknown,1,106,0.0,0.0,0.0,0.0,0.0,,,0.0,0.0,0.0,0.0,0.0,20_Other/Unknown,,1,0,1.148614530383635,0.5533097722658256,,,
20,2025 Toyota Save Mart 350,2025-07-13,Progressive,20,0,8.0,247038.0,3136.0,4014.0,7.0,1.0,86.0,0.0,0.0,0.0,0.0,0.0,20_Progressive,1.64,0,0,-0.4636270641912531,-0.4982447747920537,0.8589750551746784,12.790763746862154,12.790763746862154
21,2025 Autotrader EchoPark Automotive 400,2025-07-20,Busch Light,33,0,2.0,109232.0,3463.0,2241.0,7.0,7.0,21.0,1.0,0.0,0.6,0.0,1.0,21_Busch Light,0.98,0,0,-1.5667397341635452,-0.4982447747920537,0.1677938807139646,7.447786485514674,7.447786485514674
21,2025 Autotrader EchoPark Automotive 400,2025-07-20,Castrol,10,0,5.0,131973.0,1222.0,6782.0,2.0,2.0,37.0,0.0,0.0,0.0,0.0,0.0,21_Castrol,0.92,0,0,0.3849211434797406,-0.4982447747920537,0.10495922849026337,6.96206127993763,6.96206127993763
21,2025 Autotrader EchoPark Automotive 400,2025-07-20,Love's Travel Stops,25,0,3.0,0.0,0.0,0.0,0.0,0.0,48.0,0.0,0.0,0.0,0.0,0.0,21_Love's Travel Stops,0.1799999999999999,0,0,-0.8879011680267499,-0.4982447747920537,-0.6700014822687189,0.9714504111540888,0.9714504111540888
21,2025 Autotrader EchoPark Automotive 400,2025-07-20,Other/Unknown,2,340,0.0,0.0,0.0,0.0,0.0,,,0.0,0.0,0.0,0.0,0.0,21_Other/Unknown,,0,0,1.0637597096165357,2.874666036525672,,,
21,2025 Autotrader EchoPark Automotive 400,2025-07-20,Progressive,1,67,10.0,0.0,0.0,0.0,0.0,2.0,90.0,2.0,1.0,1.4,1.0,0.0,21_Progressive,1.29,1,0,1.148614530383635,0.16641706155585115,0.4924395838697545,14.995373914905255,14.995373914905255
22,2025 Brickyard 400,2025-07-27,Busch Light,39,0,7.0,109233.0,3463.0,2241.0,7.0,5.0,21.0,0.0,0.0,0.0,0.0,0.0,22_Busch Light,0.93,0,0,-2.0758686587661415,-0.4982447747920537,0.11543167052754694,7.043015480867136,7.043015480867136
22,2025 Brickyard 400,2025-07-27,Castrol,5,0,4.0,131971.0,1222.0,6782.0,2.0,3.0,41.0,0.0,0.0,0.0,0.0,0.0,22_Castrol,0.86,0,0,0.8091952473152374,-0.4982447747920537,0.04212457626656206,6.476336074360585,6.476336074360585
22,2025 Brickyard 400,2025-07-27,Love's Travel Stops,6,0,2.0,23404.0,4963.0,1305.0,10.0,31.0,58.0,0.0,0.0,0.0,0.0,0.0,22_Love's Travel Stops,0.2299999999999999,0,0,0.7243404265481381,-0.4982447747920537,-0.6176392720823013,1.3762214158016246,1.3762214158016246
22,2025 Brickyard 400,2025-07-27,Other/Unknown,1,167,0.0,0.0,0.0,0.0,0.0,,,0.0,0.0,0.0,0.0,0.0,22_Other/Unknown,,1,0,1.148614530383635,1.1584496531198882,,,
22,2025 Brickyard 400,2025-07-27,Progressive,3,1,12.0,247037.0,3136.0,4014.0,7.0,1.0,91.0,0.0,0.0,0.0,0.0,0.0,22_Progressive,1.88,0,0,0.9789048888494362,-0.48832444887641335,1.1103136640694835,14.795013550017536,14.795013550017536
23,2025 Iowa Corn 350,2025-08-03,Busch Light,11,0,3.0,0.0,0.0,0.0,0.0,4.0,21.0,1.0,0.0,0.6,0.0,1.0,23_Busch Light,0.53,0,0,0.3000663227126412,-0.4982447747920537,-0.30346601096379483,3.804847443686845,3.804847443686845
23,2025 Iowa Corn 350,2025-08-03,Castrol,3,68,7.0,0.0,0.0,0.0,0.0,6.0,27.0,0.0,0.0,0.0,0.0,0.0,23_Castrol,0.4199999999999999,0,0,0.9789048888494362,0.1763373874714915,-0.418662873373914,7.086081931072116,7.086081931072116
23,2025 Iowa Corn 350,2025-08-03,Love's Travel Stops,34,0,1.0,0.0,0.0,0.0,0.0,31.0,41.0,1.0,0.0,0.6,0.0,1.0,23_Love's Travel Stops,0.41,0,0,-1.6515945549306443,-0.4982447747920537,-0.4291353154111974,2.833397032532756,2.833397032532756
23,2025 Iowa Corn 350,2025-08-03,Other/Unknown,1,282,0.0,0.0,0.0,0.0,0.0,,,0.0,0.0,0.0,0.0,0.0,23_Other/Unknown,,1,0,1.148614530383635,2.299287133418531,,,
23,2025 Iowa Corn 350,2025-08-03,Progressive,24,0,4.0,0.0,0.0,0.0,0.0,1.0,81.0,0.0,0.0,0.0,0.0,0.0,23_Progressive,0.24,0,0,-0.8030463472596506,-0.4982447747920537,-0.6071668300450177,1.4571756167311314,1.4571756167311314
24,2025 Go Bowling at The Glen,2025-08-10,Busch Light,10,0,5.0,0.0,0.0,0.0,0.0,3.0,18.0,0.0,0.0,0.0,0.0,0.0,24_Busch Light,0.2999999999999999,0,0,0.3849211434797406,-0.4982447747920537,-0.5443321778213165,1.942900822308175,1.942900822308175
24,2025 Go Bowling at The Glen,2025-08-10,Castrol,31,5,6.0,0.0,0.0,0.0,0.0,4.0,26.0,0.0,0.0,0.0,0.0,0.0,24_Castrol,0.3599999999999999,0,0,-1.3970300926293464,-0.44864314521385185,-0.4814975255976153,2.735370932121237,2.735370932121237
24,2025 Go Bowling at The Glen,2025-08-10,Love's Travel Stops,28,0,2.0,0.0,0.0,0.0,0.0,0.0,33.0,0.0,0.0,0.0,0.0,0.0,24_Love's Travel Stops,0.12,0,0,-1.142465630328048,-0.4982447747920537,-0.7328361344924201,0.4857252055770444,0.4857252055770444
24,2025 Go Bowling at The Glen,2025-08-10,Other/Unknown,1,85,0.0,0.0,0.0,0.0,0.0,,,0.0,0.0,0.0,0.0,0.0,24_Other/Unknown,,1,0,1.148614530383635,0.3449829280373778,,,
24,2025 Go Bowling at The Glen,2025-08-10,Progressive,25,0,10.0,203795.0,3368.0,3082.0,7.0,0.0,80.0,0.0,0.0,0.0,0.0,0.0,24_Progressive,1.56,0,0,-0.8879011680267499,-0.4982447747920537,0.7751955188764103,12.143130139426098,12.143130139426098
25,2025 Cook Out 400,2025-08-16,Busch Light,19,0,7.0,0.0,0.0,0.0,0.0,3.0,19.0,0.0,0.0,0.0,0.0,0.0,25_Busch Light,0.4199999999999999,0,0,-0.3787722434241537,-0.4982447747920537,-0.418662873373914,2.9143512334622628,2.9143512334622628
25,2025 Cook Out 400,2025-08-16,Castrol,9,2,6.0,137891.0,1717.0,6811.0,3.0,4.0,25.0,0.0,0.0,0.0,0.0,0.0,25_Castrol,1.01,0,0,0.46977596424684,-0.478404122960773,0.19921120682581525,7.813347049997602,7.813347049997602
25,2025 Cook Out 400,2025-08-16,Love's Travel Stops,25,0,1.0,0.0,0.0,0.0,0.0,0.0,41.0,0.0,0.0,0.0,0.0,0.0,25_Love's Travel Stops,0.0599999999999999,0,0,-0.8879011680267499,-0.4982447747920537,-0.7956707867161215,0.0,0.0
25,2025 Cook Out 400,2025-08-16,Other/Unknown,1,398,0.0,0.0,0.0,0.0,0.0,,,0.0,0.0,0.0,0.0,0.0,25_Other/Unknown,,1,0,1.148614530383635,3.450044939632814,,,
25,2025 Cook Out 400,2025-08-16,Progressive,10,0,12.0,0.0,0.0,0.0,0.0,1.0,80.0,0.0,0.0,0.0,0.0,0.0,25_Progressive,0.72,0,0,0.3849211434797406,-0.4982447747920537,-0.10448961225540757,5.342977261347483,5.342977261347483
26,2025 Coke Zero Sugar 400,2025-08-23,Busch Light,15,7,11.0,109233.0,3463.0,2241.0,7.0,4.0,17.0,0.0,0.0,0.0,0.0,0.0,26_Busch Light,1.17,0,0,-0.03935296035575625,-0.42880249338257115,0.36677027942235185,9.415359169105738,9.415359169105738
26,2025 Coke Zero Sugar 400,2025-08-23,Castrol,18,0,9.0,0.0,0.0,0.0,0.0,3.0,24.0,0.0,0.0,0.0,0.0,0.0,26_Castrol,0.5399999999999999,0,0,-0.29391742265705434,-0.4982447747920537,-0.2929935689265114,3.8858016446163504,3.8858016446163504
26,2025 Coke Zero Sugar 400,2025-08-23,Cheddar's Scratch Kitchen,30,0,1.0,0.0,0.0,0.0,0.0,,,2.0,0.0,1.2,0.0,2.0,26_Cheddar's Scratch Kitchen,0.75,0,0,-1.3121752718622468,-0.4982447747920537,-0.0730722861435569,5.585839864136005,5.585839864136005
26,2025 Coke Zero Sugar 400,2025-08-23,Love's Travel Stops,11,0,2.0,0.0,0.0,0.0,0.0,0.0,23.0,0.0,0.0,0.0,0.0,0.0,26_Love's Travel Stops,0.12,0,0,0.3000663227126412,-0.4982447747920537,-0.7328361344924201,0.4857252055770444,0.4857252055770444
26,2025 Coke Zero Sugar 400,2025-08-23,Other/Unknown,1,153,0.0,0.0,0.0,0.0,0.0,,,0.0,0.0,0.0,0.0,0.0,26_Other/Unknown,,1,0,1.148614530383635,1.019565090300923,,,
26,2025 Coke Zero Sugar 400,2025-08-23,Progressive,25,0,18.0,247036.0,3136.0,4014.0,7.0,1.0,82.0,0.0,0.0,0.0,0.0,0.0,26_Progressive,2.24,0,0,-0.8879011680267499,-0.4982447747920537,1.4873215774116915,17.648015802632596,17.648015802632596
27,2025 Southern 500,2025-08-31,Busch Light,11,3,3.0,183.0,545.0,6.0,1.0,3.0,17.0,0.0,0.0,0.0,0.0,0.0,27_Busch Light,0.1799999999999999,0,1,0.3000663227126412,-0.4684837970451326,-0.6700014822687189,1.7739143429045021,1.7739143429045021
27,2025 Southern 500,2025-08-31,Castrol,15,0,3.0,3.0,853.0,0.0,1.0,4.0,24.0,0.0,0.0,0.0,0.0,0.0,27_Castrol,0.1799999999999999,0,1,-0.03935296035575625,-0.4982447747920537,-0.6700014822687189,1.5898674003628914,1.5898674003628914
27,2025 Southern 500,2025-08-31,Love's Travel Stops,26,0,2.0,0.0,0.0,0.0,0.0,0.0,25.0,0.0,0.0,0.0,0.0,0.0,27_Love's Travel Stops,0.12,0,1,-0.9727559887938493,-0.4982447747920537,-0.7328361344924201,1.1041421947858474,1.1041421947858474
27,2025 Southern 500,2025-08-31,Other/Unknown,1,352,0.0,0.0,0.0,0.0,0.0,,,0.0,0.0,0.0,0.0,0.0,27_Other/Unknown,,1,1,1.148614530383635,2.9937099475133566,,,
27,2025 Southern 500,2025-08-31,Progressive,7,12,2.0,154056.0,1079.0,2680.0,3.0,1.0,77.0,1.0,1.0,0.6,0.0,0.0,27_Progressive,1.19,0,1,0.6394856057810387,-0.3792008638043693,0.387715163496919,10.502429464409573,10.502429464409573
28,2025 Enjoy Illinois 300,2025-09-07,Busch Light,24,0,6.0,0.0,0.0,0.0,0.0,2.0,14.0,1.0,0.0,0.6,0.0,1.0,28_Busch Light,0.71,0,1,-0.8030463472596506,-0.4982447747920537,-0.11496205429269112,5.8804400496267775,5.8804400496267775
28,2025 Enjoy Illinois 300,2025-09-07,Castrol,17,13,4.0,131971.0,1222.0,6782.0,2.0,1.0,21.0,0.0,0.0,0.0,0.0,0.0,28_Castrol,0.86,0,1,-0.20906260188995499,-0.3692805378887289,0.04212457626656206,7.8922898145830365,7.8922898145830365
28,2025 Enjoy Illinois 300,2025-09-07,Love's Travel Stops,32,0,1.0,0.0,0.0,0.0,0.0,28.0,32.0,0.0,0.0,0.0,0.0,0.0,28_Love's Travel Stops,0.0599999999999999,0,1,-1.4818849133964458,-0.4982447747920537,-0.7956707867161215,0.618416989208803,0.618416989208803
28,2025 Enjoy Illinois 300,2025-09-07,Other/Unknown,2,152,0.0,0.0,0.0,0.0,0.0,,,0.0,0.0,0.0,0.0,0.0,28_Other/Unknown,,0,1,1.0637597096165357,1.0096447643852826,,,
28,2025 Enjoy Illinois 300,2025-09-07,Progressive,1,75,7.0,0.0,0.0,0.0,0.0,1.0,77.0,4.0,3.0,2.6,1.0,0.0,28_Progressive,1.7999999999999998,1,1,1.148614530383635,0.2457796688809741,1.026534127771215,20.233246998296558,20.233246998296558
29,2025 Bass Pro Shops Night Race,2025-09-13,Busch Light,19,0,3.0,0.0,0.0,0.0,0.0,2.0,13.0,0.0,0.0,0.0,0.0,0.0,29_Busch Light,0.1799999999999999,0,1,-0.3787722434241537,-0.4982447747920537,-0.6700014822687189,1.5898674003628914,1.5898674003628914
29,2025 Bass Pro Shops Night Race,2025-09-13,Castrol,2,33,5.0,0.0,0.0,0.0,0.0,3.0,22.0,0.0,0.0,0.0,0.0,0.0,29_Castrol,0.2999999999999999,0,1,1.0637597096165357,-0.17087401957592147,-0.5443321778213165,4.585834179474701,4.585834179474701
29,2025 Bass Pro Shops Night Race,2025-09-13,Cheddar's Scratch Kitchen,25,0,0.0,0.0,0.0,0.0,0.0,,,0.0,0.0,0.0,0.0,0.0,29_Cheddar's Scratch Kitchen,0.0,0,1,-0.8879011680267499,-0.4982447747920537,-0.8585054389398227,0.1326917836317585,0.1326917836317585
29,2025 Bass Pro Shops Night Race,2025-09-13,Love's Travel Stops,24,0,1.0,0.0,0.0,0.0,0.0,0.0,31.0,0.0,0.0,0.0,0.0,0.0,29_Love's Travel Stops,0.0599999999999999,0,1,-0.8030463472596506,-0.4982447747920537,-0.7956707867161215,0.618416989208803,0.618416989208803
29,2025 Bass Pro Shops Night Race,2025-09-13,Other/Unknown,1,464,0.0,0.0,0.0,0.0,0.0,,,0.0,0.0,0.0,0.0,0.0,29_Other/Unknown,,1,1,1.148614530383635,4.104786450065078,,,
29,2025 Bass Pro Shops Night Race,2025-09-13,Progressive,31,3,3.0,0.0,0.0,0.0,0.0,1.0,80.0,0.0,0.0,0.0,0.0,0.0,29_Progressive,0.1799999999999999,0,1,-1.3970300926293464,-0.4684837970451326,-0.6700014822687189,1.7739143429045021,1.7739143429045021
30,2025 Mobil 1 301,2025-09-21,Busch Light,9,0,2.0,0.0,0.0,0.0,0.0,3.0,16.0,0.0,0.0,0.0,0.0,0.0,30_Busch Light,0.12,0,1,0.46977596424684,-0.4982447747920537,-0.7328361344924201,1.1041421947858474,1.1041421947858474
30,2025 Mobil 1 301,2025-09-21,Castrol,23,0,6.0,0.0,0.0,0.0,0.0,2.0,23.0,0.0,0.0,0.0,0.0,0.0,30_Castrol,0.3599999999999999,0,1,-0.7181915264925512,-0.4982447747920537,-0.4814975255976153,3.0470430170940213,3.0470430170940213
30,2025 Mobil 1 301,2025-09-21,Love's Travel Stops,19,0,1.0,26074.0,4184.0,1341.0,10.0,0.0,26.0,0.0,0.0,0.0,0.0,0.0,30_Love's Travel Stops,0.1799999999999999,0,1,-0.3787722434241537,-0.4982447747920537,-0.6700014822687189,1.5898674003628914,1.5898674003628914
30,2025 Mobil 1 301,2025-09-21,Other/Unknown,1,301,0.0,0.0,0.0,0.0,0.0,,,0.0,0.0,0.0,0.0,0.0,30_Other/Unknown,,1,1,1.148614530383635,2.4877733258156978,,,
30,2025 Mobil 1 301,2025-09-21,Progressive,12,0,11.0,0.0,0.0,0.0,0.0,1.0,83.0,0.0,0.0,0.0,0.0,0.0,30_Progressive,0.6599999999999999,0,1,0.21521150194554187,-0.4982447747920537,-0.1673242644791089,5.475669044979242,5.475669044979242
31,2025 Hollywood Casino 400,2025-09-28,Busch Light,11,0,7.0,126611.0,4461.0,2759.0,8.0,2.0,16.0,0.0,0.0,0.0,0.0,0.0,31_Busch Light,1.01,0,1,0.3000663227126412,-0.4982447747920537,0.19921120682581525,8.309066077511998,8.309066077511998
31,2025 Hollywood Casino 400,2025-09-28,Castrol,8,5,4.0,0.0,0.0,0.0,0.0,2.0,22.0,0.0,0.0,0.0,0.0,0.0,31_Castrol,0.24,0,1,0.5546307850139394,-0.44864314521385185,-0.6071668300450177,2.3823375101759523,2.3823375101759523
31,2025 Hollywood Casino 400,2025-09-28,Love's Travel Stops,12,0,2.0,0.0,0.0,0.0,0.0,0.0,27.0,0.0,0.0,0.0,0.0,0.0,31_Love's Travel Stops,0.12,0,1,0.21521150194554187,-0.4982447747920537,-0.7328361344924201,1.1041421947858474,1.1041421947858474
31,2025 Hollywood Casino 400,2025-09-28,Other/Unknown,1,109,0.0,0.0,0.0,0.0,0.0,,,0.0,0.0,0.0,0.0,0.0,31_Other/Unknown,,1,1,1.148614530383635,0.5830707500127468,,,
31,2025 Hollywood Casino 400,2025-09-28,Progressive,2,159,12.0,0.0,0.0,0.0,0.0,1.0,84.0,0.0,0.0,0.0,0.0,0.0,31_Progressive,0.72,0,1,1.0637597096165357,1.0790870457947652,-0.10448961225540757,15.71588220526168,15.71588220526168
32,2025 Bank of America ROVAL 400,2025-10-05,Busch Light,21,0,9.0,0.0,0.0,0.0,0.0,6.0,17.0,0.0,0.0,0.0,0.0,0.0,32_Busch Light,0.5399999999999999,0,1,-0.5484818849583525,-0.4982447747920537,-0.2929935689265114,4.504218633825153,4.504218633825153
32,2025 Bank of America ROVAL 400,2025-10-05,Castrol,35,0,8.0,0.0,0.0,0.0,0.0,1.0,23.0,0.0,0.0,0.0,0.0,0.0,32_Castrol,0.4799999999999999,0,1,-1.7364493756977437,-0.4982447747920537,-0.3558282211502127,4.01849342824811,4.01849342824811
32,2025 Bank of America ROVAL 400,2025-10-05,Love's Travel Stops,17,0,3.0,0.0,0.0,0.0,0.0,0.0,27.0,0.0,0.0,0.0,0.0,0.0,32_Love's Travel Stops,0.1799999999999999,0,1,-0.20906260188995499,-0.4982447747920537,-0.6700014822687189,1.5898674003628914,1.5898674003628914
32,2025 Bank of America ROVAL 400,2025-10-05,Other/Unknown,1,109,0.0,0.0,0.0,0.0,0.0,,,0.0,0.0,0.0,0.0,0.0,32_Other/Unknown,,1,1,1.148614530383635,0.5830707500127468,,,
32,2025 Bank of America ROVAL 400,2025-10-05,Progressive,23,0,11.0,301542.0,3481.0,4485.0,8.0,1.0,79.0,0.0,0.0,0.0,0.0,0.0,32_Progressive,2.07,0,1,-0.7181915264925512,-0.4982447747920537,1.3092900627778707,16.890211376039773,16.890211376039773
33,2025 South Point 400,2025-10-12,Busch Light,23,0,1.0,0.0,0.0,0.0,0.0,3.0,15.0,1.0,0.0,0.6,0.0,1.0,33_Busch Light,0.41,0,1,-0.7181915264925512,-0.4982447747920537,-0.4291353154111974,3.451814021741559,3.451814021741559
33,2025 South Point 400,2025-10-12,Castrol,10,2,4.0,0.0,0.0,0.0,0.0,2.0,22.0,0.0,0.0,0.0,0.0,0.0,33_Castrol,0.24,0,1,0.3849211434797406,-0.478404122960773,-0.6071668300450177,2.198290567634342,2.198290567634342
33,2025 South Point 400,2025-10-12,Love's Travel Stops,21,1,2.0,0.0,0.0,0.0,0.0,43.0,36.0,2.0,0.0,1.2,0.0,2.0,33_Love's Travel Stops,0.8099999999999999,0,1,-0.5484818849583525,-0.48832444887641335,-0.010237633919855705,6.751331039769054,6.751331039769054
33,2025 South Point 400,2025-10-12,Other/Unknown,2,255,0.0,0.0,0.0,0.0,0.0,,,0.0,0.0,0.0,0.0,0.0,33_Other/Unknown,,0,1,1.0637597096165357,2.031438333696241,,,
33,2025 South Point 400,2025-10-12,Progressive,1,9,15.0,160935.0,2484.0,2775.0,5.0,2.0,77.0,0.0,0.0,0.0,0.0,0.0,33_Progressive,1.65,1,1,1.148614530383635,-0.4089618415512904,0.8694474972119619,14.9699012484385,14.9699012484385
34,2025 Yellawood 500,2025-10-19,Busch Light,13,3,4.0,0.0,0.0,0.0,0.0,3.0,15.0,1.0,0.0,0.6,0.0,1.0,34_Busch Light,0.59,0,1,0.13035668117844249,-0.4684837970451326,-0.24063135874009364,5.0930365810143,5.0930365810143
34,2025 Yellawood 500,2025-10-19,Castrol,10,7,2.0,0.0,0.0,0.0,0.0,2.0,25.0,0.0,0.0,0.0,0.0,0.0,34_Castrol,0.12,0,1,0.3849211434797406,-0.42880249338257115,-0.7328361344924201,1.5335850607162729,1.5335850607162729
34,2025 Yellawood 500,2025-10-19,Cheddar's Scratch Kitchen,22,0,4.0,0.0,0.0,0.0,0.0,,,2.0,0.0,1.2,0.0,2.0,34_Cheddar's Scratch Kitchen,0.93,0,1,-0.6333367057254519,-0.4982447747920537,0.11543167052754694,7.6614324700759395,7.6614324700759395
34,2025 Yellawood 500,2025-10-19,Love's Travel Stops,2,11,5.0,0.0,0.0,0.0,0.0,62.0,42.0,1.0,0.0,0.6,1.0,0.0,34_Love's Travel Stops,0.6499999999999999,0,1,1.0637597096165357,-0.38912118972000964,-0.17779670651639243,6.069553633368975,6.069553633368975
34,2025 Yellawood 500,2025-10-19,Other/Unknown,1,169,0.0,0.0,0.0,0.0,0.0,,,0.0,0.0,0.0,0.0,0.0,34_Other/Unknown,,1,1,1.148614530383635,1.178290304951169,,,
34,2025 Yellawood 500,2025-10-19,Progressive,24,3,9.0,154057.0,1079.0,2680.0,3.0,1.0,83.0,0.0,0.0,0.0,0.0,0.0,34_Progressive,1.26,0,1,-0.8030463472596506,-0.4684837970451326,0.46102225775790384,10.516968043291293,10.516968043291293
35,2025 Xfinity 500,2025-10-26,Busch Light,4,8,6.0,0.0,0.0,0.0,0.0,3.0,15.0,0.0,0.0,0.0,0.0,0.0,35_Busch Light,0.3599999999999999,0,1,0.8940500680823368,-0.41888216746693074,-0.4814975255976153,3.5378348638716512,3.5378348638716512
35,2025 Xfinity 500,2025-10-26,Castrol,20,0,4.0,0.0,0.0,0.0,0.0,2.0,24.0,0.0,0.0,0.0,0.0,0.0,35_Castrol,0.24,0,1,-0.4636270641912531,-0.4982447747920537,-0.6071668300450177,2.0755926059399346,2.0755926059399346
35,2025 Xfinity 500,2025-10-26,Love's Travel Stops,9,0,3.0,0.0,0.0,0.0,0.0,0.0,33.0,0.0,0.0,0.0,0.0,0.0,35_Love's Travel Stops,0.1799999999999999,0,1,0.46977596424684,-0.4982447747920537,-0.6700014822687189,1.5898674003628914,1.5898674003628914
35,2025 Xfinity 500,2025-10-26,Other/Unknown,1,492,0.0,0.0,0.0,0.0,0.0,,,0.0,0.0,0.0,0.0,0.0,35_Other/Unknown,,1,1,1.148614530383635,4.382555575703009,,,
35,2025 Xfinity 500,2025-10-26,Progressive,35,0,15.0,0.0,0.0,0.0,0.0,1.0,82.0,0.0,0.0,0.0,0.0,0.0,35_Progressive,0.8999999999999999,0,1,-1.7364493756977437,-0.4982447747920537,0.08401434441569616,7.418569867287417,7.418569867287417
36,2025 Cup Series Championship,2025-11-02,Busch Light,13,0,53.0,2081.0,484.0,22.0,1.0,1.8666666666666667,14.133333333333333,1.0,0.0,0.6,0.0,1.0,36_Busch Light,3.52,0,1,0.13035668117844249,-0.4982447747920537,2.827794158183985,28.628570510818335,28.628570510818335
36,2025 Cup Series Championship,2025-11-02,Castrol,2,6,71.0,0.0,0.0,0.0,0.0,2.8666666666666667,26.866666666666667,1.0,0.0,0.6,1.0,0.0,36_Castrol,4.58,0,1,1.0637597096165357,-0.4387228192982115,3.9378730141360405,37.577809694429334,37.577809694429334
36,2025 Cup Series Championship,2025-11-02,Love's Travel Stops,22,0,37.0,0.0,0.0,0.0,0.0,1.3333333333333333,49.53333333333333,0.0,0.0,0.0,0.0,0.0,36_Love's Travel Stops,2.21,0,1,-0.6333367057254519,-0.4982447747920537,1.4559042512998406,18.023570189052876,18.023570189052876
36,2025 Cup Series Championship,2025-11-02,Other/Unknown,1,105,0.0,0.0,0.0,0.0,0.0,,,0.0,0.0,0.0,0.0,0.0,36_Other/Unknown,,1,1,1.148614530383635,0.5433894463501853,,,
36,2025 Cup Series Championship,2025-11-02,Progressive,6,208,142.0,340232.0,2945.0,7458.0,8.0,2.533333333333333,80.4,2.0,1.0,1.2,1.0,0.0,36_Progressive,10.76,0,1,0.7243404265481381,1.5651830156611433,10.40984219317727,100.0,100.0
37,2026 Daytona 500,2026-02-15,Busch Light,20,12,7.0,0.0,0.0,0.0,0.0,8.0,17.0,0.0,0.0,0.0,0.0,0.0,37_Busch Light,0.4199999999999999,0,0,-0.4636270641912531,-0.3792008638043693,-0.418662873373914,3.650539003628707,3.650539003628707
37,2026 Daytona 500,2026-02-15,Castrol,5,0,4.0,0.0,0.0,0.0,0.0,13.0,30.0,2.0,1.0,1.2,0.0,1.0,37_Castrol,0.93,0,0,0.8091952473152374,-0.4982447747920537,0.11543167052754694,7.043015480867136,7.043015480867136
37,2026 Daytona 500,2026-02-15,Love's Travel Stops,39,1,3.0,25922.0,4674.0,1321.0,10.0,47.0,50.0,1.0,0.0,0.6,0.0,1.0,37_Love's Travel Stops,0.6499999999999999,0,0,-2.0758686587661415,-0.48832444887641335,-0.17779670651639243,4.837646835688135,4.837646835688135
37,2026 Daytona 500,2026-02-15,Other/Unknown,1,184,0.0,0.0,0.0,0.0,0.0,,,0.0,0.0,0.0,0.0,0.0,37_Other/Unknown,,1,0,1.148614530383635,1.3270951936857744,,,
37,2026 Daytona 500,2026-02-15,Progressive,31,3,18.0,0.0,0.0,0.0,0.0,3.0,98.0,0.0,0.0,0.0,0.0,0.0,37_Progressive,1.08,0,0,-1.3970300926293464,-0.4684837970451326,0.27251830108680014,8.441375437351358,8.441375437351358
38,2026 Autotrader 400,2026-02-22,Busch Light,3,0,9.0,0.0,0.0,0.0,0.0,8.0,14.0,0.0,0.0,0.0,0.0,0.0,38_Busch Light,0.5399999999999999,0,0,0.9789048888494362,-0.4982447747920537,-0.2929935689265114,3.8858016446163504,3.8858016446163504
38,2026 Autotrader 400,2026-02-22,Castrol,17,10,4.0,74.0,288.0,2.0,1.0,4.0,27.0,0.0,0.0,0.0,0.0,0.0,38_Castrol,0.24,0,0,-0.20906260188995499,-0.39904151563565,-0.6071668300450177,2.070665425203169,2.070665425203169
38,2026 Autotrader 400,2026-02-22,Love's Travel Stops,25,0,2.0,0.0,0.0,0.0,0.0,31.0,55.0,0.0,0.0,0.0,0.0,0.0,38_Love's Travel Stops,0.12,0,0,-0.8879011680267499,-0.4982447747920537,-0.7328361344924201,0.4857252055770444,0.4857252055770444
38,2026 Autotrader 400,2026-02-22,Other/Unknown,1,251,0.0,0.0,0.0,0.0,0.0,,,0.0,0.0,0.0,0.0,0.0,38_Other/Unknown,,1,0,1.148614530383635,1.9917570300336793,,,
38,2026 Autotrader 400,2026-02-22,Progressive,13,10,9.0,5984.0,3475.0,173.0,5.0,1.0,99.0,0.0,0.0,0.0,0.0,0.0,38_Progressive,0.57,0,0,0.13035668117844249,-0.39904151563565,-0.26157624281466074,4.74215405587691,4.74215405587691
39,2026 DuraMax Texas Grand Prix,2026-03-01,Busch Light,35,4,5.0,0.0,0.0,0.0,0.0,4.0,16.0,0.0,0.0,0.0,0.0,0.0,39_Busch Light,0.2999999999999999,0,0,-1.7364493756977437,-0.45856347112949225,-0.5443321778213165,2.1882967456969897,2.1882967456969897
39,2026 DuraMax Texas Grand Prix,2026-03-01,Castrol,20,0,4.0,0.0,0.0,0.0,0.0,4.0,29.0,0.0,0.0,0.0,0.0,0.0,39_Castrol,0.24,0,0,-0.4636270641912531,-0.4982447747920537,-0.6071668300450177,1.4571756167311314,1.4571756167311314
39,2026 DuraMax Texas Grand Prix,2026-03-01,Love's Travel Stops,21,0,2.0,0.0,0.0,0.0,0.0,21.0,44.0,0.0,0.0,0.0,0.0,0.0,39_Love's Travel Stops,0.12,0,0,-0.5484818849583525,-0.4982447747920537,-0.7328361344924201,0.4857252055770444,0.4857252055770444
39,2026 DuraMax Texas Grand Prix,2026-03-01,Other/Unknown,1,91,0.0,0.0,0.0,0.0,0.0,,,0.0,0.0,0.0,0.0,0.0,39_Other/Unknown,,1,0,1.148614530383635,0.40450488353122005,,,
39,2026 DuraMax Texas Grand Prix,2026-03-01,Progressive,10,0,7.0,0.0,0.0,0.0,0.0,1.0,100.0,1.0,0.0,0.6,0.0,0.0,39_Progressive,0.76,0,0,0.3849211434797406,-0.4982447747920537,-0.06259984410627335,5.666794065065512,5.666794065065512
40,2026 Straight Talk Wireless 500,2026-03-08,Busch Light,28,0,1.0,3869.0,2125.0,14.0,5.0,4.0,16.0,0.0,0.0,0.0,0.0,0.0,40_Busch Light,0.0799999999999999,0,0,-1.142465630328048,-0.4982447747920537,-0.7747259026415544,0.16190840185901365,0.16190840185901365
40,2026 Straight Talk Wireless 500,2026-03-08,Castrol,15,0,4.0,0.0,0.0,0.0,0.0,4.0,33.0,0.0,0.0,0.0,0.0,0.0,40_Castrol,0.24,0,0,-0.03935296035575625,-0.4982447747920537,-0.6071668300450177,1.4571756167311314,1.4571756167311314
40,2026 Straight Talk Wireless 500,2026-03-08,Cheddar's Scratch Kitchen,21,0,2.0,0.0,0.0,0.0,0.0,,,0.0,0.0,0.0,0.0,0.0,40_Cheddar's Scratch Kitchen,0.12,0,0,-0.5484818849583525,-0.4982447747920537,-0.7328361344924201,0.4857252055770444,0.4857252055770444
40,2026 Straight Talk Wireless 500,2026-03-08,Love's Travel Stops,12,0,1.0,0.0,0.0,0.0,0.0,29.0,37.0,0.0,0.0,0.0,0.0,0.0,40_Love's Travel Stops,0.0599999999999999,0,0,0.21521150194554187,-0.4982447747920537,-0.7956707867161215,0.0,0.0
40,2026 Straight Talk Wireless 500,2026-03-08,Other/Unknown,1,307,0.0,0.0,0.0,0.0,0.0,,,0.0,0.0,0.0,0.0,0.0,40_Other/Unknown,,1,0,1.148614530383635,2.54729528130954,,,
40,2026 Straight Talk Wireless 500,2026-03-08,Progressive,5,5,10.0,2815.0,836.0,24.0,2.0,1.0,95.0,0.0,0.0,0.0,0.0,0.0,40_Progressive,0.61,0,0,0.8091952473152374,-0.44864314521385185,-0.21968647466552654,4.759225955358921,4.759225955358921
41,2026 Pennzoil 400,2026-03-15,Busch Light,17,0,7.0,10114.0,1696.0,137.0,3.0,6.0,16.0,0.0,0.0,0.0,0.0,0.0,41_Busch Light,0.47,0,0,-0.20906260188995499,-0.4982447747920537,-0.36630066318749616,3.3191222381098004,3.3191222381098004
41,2026 Pennzoil 400,2026-03-15,Castrol,10,4,3.0,0.0,0.0,0.0,0.0,4.0,35.0,0.0,0.0,0.0,0.0,0.0,41_Castrol,0.1799999999999999,0,0,0.3849211434797406,-0.45856347112949225,-0.6700014822687189,1.216846334542904,1.216846334542904
41,2026 Pennzoil 400,2026-03-15,Love's Travel Stops,34,0,2.0,0.0,0.0,0.0,0.0,24.0,37.0,0.0,0.0,0.0,0.0,0.0,41_Love's Travel Stops,0.12,0,0,-1.6515945549306443,-0.4982447747920537,-0.7328361344924201,0.4857252055770444,0.4857252055770444
41,2026 Pennzoil 400,2026-03-15,Other/Unknown,2,129,0.0,0.0,0.0,0.0,0.0,,,0.0,0.0,0.0,0.0,0.0,41_Other/Unknown,,0,0,1.0637597096165357,0.7814772683255541,,,
41,2026 Pennzoil 400,2026-03-15,Progressive,1,134,6.0,125103.0,3434.0,3519.0,8.0,3.0,94.0,0.0,0.0,0.0,0.0,0.0,41_Progressive,0.95,1,0,1.148614530383635,0.831078897903756,0.13637655460211393,16.353312800064653,16.353312800064653
42,2026 Goodyear 400,2026-03-22,Busch Light,16,0,2.0,5008.0,495.0,26.0,1.0,5.0,17.0,0.0,0.0,0.0,0.0,0.0,42_Busch Light,0.1399999999999999,0,0,-0.12420778112285562,-0.4982447747920537,-0.7118912504178532,0.647633607436058,0.647633607436058
42,2026 Goodyear 400,2026-03-22,Castrol,2,142,6.0,196371.0,3473.0,2232.0,6.0,11.0,48.0,0.0,0.0,0.0,0.0,0.0,42_Castrol,1.28,0,0,1.0637597096165357,0.910441505228879,0.48196714183247097,18.587967793702827,18.587967793702827
42,2026 Goodyear 400,2026-03-22,Love's Travel Stops,23,0,2.0,0.0,0.0,0.0,0.0,0.0,31.0,0.0,0.0,0.0,0.0,0.0,42_Love's Travel Stops,0.12,0,0,-0.7181915264925512,-0.4982447747920537,-0.7328361344924201,0.4857252055770444,0.4857252055770444
42,2026 Goodyear 400,2026-03-22,Other/Unknown,1,151,0.0,0.0,0.0,0.0,0.0,,,0.0,0.0,0.0,0.0,0.0,42_Other/Unknown,,1,0,1.148614530383635,0.9997244384696423,,,
42,2026 Goodyear 400,2026-03-22,Progressive,11,0,6.0,103.0,934.0,0.0,2.0,1.0,90.0,0.0,0.0,0.0,0.0,0.0,42_Progressive,0.3599999999999999,0,0,0.3000663227126412,-0.4982447747920537,-0.4814975255976153,2.4286260278852185,2.4286260278852185
43,2026 Cook Out 400,2026-03-29,Busch Light,16,14,6.0,269.0,1306.0,3.0,3.0,3.0,23.5,1.0,0.0,0.6,1.0,0.0,43_Busch Light,0.71,0,0,-0.12420778112285562,-0.35936021197308854,-0.11496205429269112,6.1209087922788274,6.1209087922788274
43,2026 Cook Out 400,2026-03-29,Castrol,13,0,4.0,897.0,924.0,14.0,2.0,3.0,91.0,0.0,0.0,0.0,0.0,0.0,43_Castrol,0.24,0,0,0.13035668117844249,-0.4982447747920537,-0.6071668300450177,1.4571756167311314,1.4571756167311314
43,2026 Cook Out 400,2026-03-29,Cheddar's Scratch Kitchen,33,0,8.0,5798.0,981.0,137.0,2.0,,,0.0,0.0,0.0,0.0,0.0,43_Cheddar's Scratch Kitchen,0.51,0,0,-1.5667397341635452,-0.4982447747920537,-0.32441089503836196,3.6429390418278293,3.6429390418278293
43,2026 Cook Out 400,2026-03-29,Love's Travel Stops,23,0,4.0,0.0,0.0,0.0,0.0,15.0,47.5,0.0,0.0,0.0,0.0,0.0,43_Love's Travel Stops,0.24,0,0,-0.7181915264925512,-0.4982447747920537,-0.6071668300450177,1.4571756167311314,1.4571756167311314
43,2026 Cook Out 400,2026-03-29,Other/Unknown,1,94,0.0,0.0,0.0,0.0,0.0,,,0.0,0.0,0.0,0.0,0.0,43_Other/Unknown,,1,0,1.148614530383635,0.43426586127814115,,,
43,2026 Cook Out 400,2026-03-29,Progressive,2,292,16.0,156687.0,3077.0,1155.0,7.0,0.5,93.0,0.0,0.0,0.0,0.0,0.0,43_Progressive,1.69,0,0,1.0637597096165357,2.3984903925749346,0.9113372653610962,31.109437158893176,31.109437158893176
44,2026 Food City 500,2026-04-12,Busch Light,20,0,4.0,0.0,0.0,0.0,0.0,3.0,53.0,0.0,0.0,0.0,0.0,0.0,44_Busch Light,0.24,0,0,-0.4636270641912531,-0.4982447747920537,-0.6071668300450177,1.4571756167311314,1.4571756167311314
44,2026 Food City 500,2026-04-12,Castrol,14,0,1.0,0.0,0.0,0.0,0.0,3.0,100.0,0.0,0.0,0.0,0.0,0.0,44_Castrol,0.0599999999999999,0,0,0.04550186041134312,-0.4982447747920537,-0.7956707867161215,0.0,0.0
44,2026 Food City 500,2026-04-12,Love's Travel Stops,6,0,1.0,25922.0,4674.0,1321.0,10.0,59.0,44.0,0.0,0.0,0.0,0.0,0.0,44_Love's Travel Stops,0.1799999999999999,0,0,0.7243404265481381,-0.4982447747920537,-0.6700014822687189,0.9714504111540888,0.9714504111540888
44,2026 Food City 500,2026-04-12,Other/Unknown,1,505,0.0,0.0,0.0,0.0,0.0,,,0.0,0.0,0.0,0.0,0.0,44_Other/Unknown,,1,0,1.148614530383635,4.511519812606333,,,
44,2026 Food City 500,2026-04-12,Progressive,9,0,13.0,0.0,0.0,0.0,0.0,1.0,97.0,0.0,0.0,0.0,0.0,0.0,44_Progressive,0.7799999999999999,0,0,0.46977596424684,-0.4982447747920537,-0.041654960031706365,5.8287024669245255,5.8287024669245255
45,2026 AdventHealth 400,2026-04-19,Busch Light,26,0,6.0,57111.0,495.0,783.0,1.0,3.0,100.0,0.0,0.0,0.0,0.0,0.0,45_Busch Light,0.6299999999999999,0,0,-0.9727559887938493,-0.4982447747920537,-0.19874159059095955,4.614389452981917,4.614389452981917
45,2026 AdventHealth 400,2026-04-19,Castrol,6,0,2.0,0.0,0.0,0.0,0.0,2.0,73.0,1.0,0.0,0.6,0.0,1.0,45_Castrol,0.47,0,0,0.7243404265481381,-0.4982447747920537,-0.36630066318749616,3.3191222381098004,3.3191222381098004
45,2026 AdventHealth 400,2026-04-19,Love's Travel Stops,17,0,1.0,0.0,0.0,0.0,0.0,28.0,48.0,0.0,0.0,0.0,0.0,0.0,45_Love's Travel Stops,0.0599999999999999,0,0,-0.20906260188995499,-0.4982447747920537,-0.7956707867161215,0.0,0.0
45,2026 AdventHealth 400,2026-04-19,Other/Unknown,1,143,0.0,0.0,0.0,0.0,0.0,,,0.0,0.0,0.0,0.0,0.0,45_Other/Unknown,,1,0,1.148614530383635,0.9203618311445193,,,
45,2026 AdventHealth 400,2026-04-19,Progressive,4,131,12.0,1439.0,1581.0,54.0,3.0,2.0,94.0,0.0,0.0,0.0,0.0,0.0,45_Progressive,0.72,0,0,0.8940500680823368,0.8013179201568349,-0.10448961225540757,13.379693752331173,13.379693752331173
46,2026 Jack Link's 500,2026-04-26,Busch Light,7,22,5.0,880.0,241.0,4.0,1.0,5.0,64.0,0.0,0.0,0.0,0.0,0.0,46_Busch Light,0.2999999999999999,0,0,0.6394856057810387,-0.2799976046479656,-0.5443321778213165,3.2925784009466574,3.2925784009466574
46,2026 Jack Link's 500,2026-04-26,Castrol,31,0,6.0,24865.0,385.0,756.0,1.0,3.0,58.0,1.0,0.0,0.6,1.0,0.0,46_Castrol,0.82,0,0,-1.3970300926293464,-0.4982447747920537,0.00023480811742784794,6.152519270642555,6.152519270642555
46,2026 Jack Link's 500,2026-04-26,Love's Travel Stops,11,0,4.0,0.0,0.0,0.0,0.0,40.0,43.0,0.0,0.0,0.0,0.0,0.0,46_Love's Travel Stops,0.24,0,0,0.3000663227126412,-0.4982447747920537,-0.6071668300450177,1.4571756167311314,1.4571756167311314
46,2026 Jack Link's 500,2026-04-26,Other/Unknown,1,139,0.0,0.0,0.0,0.0,0.0,,,0.0,0.0,0.0,0.0,0.0,46_Other/Unknown,,1,0,1.148614530383635,0.8806805274819578,,,
46,2026 Jack Link's 500,2026-04-26,Progressive,15,28,10.0,947.0,755.0,5.0,2.0,1.0,90.0,0.0,0.0,0.0,0.0,0.0,46_Progressive,0.6,0,0,-0.03935296035575625,-0.22047564915412332,-0.23015891670281008,6.0892983139151005,6.0892983139151005
47,2026 Wurth 400,2026-05-03,Busch Light,26,0,7.0,0.0,0.0,0.0,0.0,3.0,48.0,0.0,0.0,0.0,0.0,0.0,47_Busch Light,0.4199999999999999,0,0,-0.9727559887938493,-0.4982447747920537,-0.418662873373914,2.9143512334622628,2.9143512334622628
47,2026 Wurth 400,2026-05-03,Castrol,13,4,11.0,0.0,0.0,0.0,0.0,3.0,54.0,0.0,0.0,0.0,0.0,0.0,47_Castrol,0.6599999999999999,0,0,0.13035668117844249,-0.45856347112949225,-0.1673242644791089,5.102647979159253,5.102647979159253
47,2026 Wurth 400,2026-05-03,Love's Travel Stops,32,0,1.0,51.0,302.0,0.0,1.0,0.0,41.0,0.0,0.0,0.0,0.0,0.0,47_Love's Travel Stops,0.0599999999999999,0,0,-1.4818849133964458,-0.4982447747920537,-0.7956707867161215,0.0,0.0
47,2026 Wurth 400,2026-05-03,Other/Unknown,1,242,0.0,0.0,0.0,0.0,0.0,,,0.0,0.0,0.0,0.0,0.0,47_Other/Unknown,,1,0,1.148614530383635,1.902474096792916,,,
47,2026 Wurth 400,2026-05-03,Progressive,2,21,5.0,96025.0,1893.0,1204.0,3.0,1.0,92.0,0.0,0.0,0.0,0.0,0.0,47_Progressive,0.75,0,0,1.0637597096165357,-0.28991793056360593,-0.0730722861435569,6.874168461927284,6.874168461927284
48,2026 Go Bowling at The Glen,2026-05-10,Busch Light,27,4,10.0,0.0,0.0,0.0,0.0,4.5,46.5,0.0,0.0,0.0,0.0,0.0,48_Busch Light,0.6,0,0,-1.0576108095609487,-0.45856347112949225,-0.23015891670281008,4.6169227735822105,4.6169227735822105
48,2026 Go Bowling at The Glen,2026-05-10,Castrol,30,0,10.0,0.0,0.0,0.0,0.0,5.0,77.0,0.0,0.0,0.0,0.0,0.0,48_Castrol,0.6,0,0,-1.3121752718622468,-0.4982447747920537,-0.23015891670281008,4.371526850193395,4.371526850193395
48,2026 Go Bowling at The Glen,2026-05-10,Love's Travel Stops,17,0,8.0,0.0,0.0,0.0,0.0,0.0,44.0,0.0,0.0,0.0,0.0,0.0,48_Love's Travel Stops,0.4799999999999999,0,0,-0.20906260188995499,-0.4982447747920537,-0.3558282211502127,3.4000764390393075,3.4000764390393075
48,2026 Go Bowling at The Glen,2026-05-10,Other/Unknown,1,96,0.0,0.0,0.0,0.0,0.0,,,0.0,0.0,0.0,0.0,0.0,48_Other/Unknown,,1,0,1.148614530383635,0.4541065131094219,,,
48,2026 Go Bowling at The Glen,2026-05-10,Progressive,16,0,25.0,0.0,0.0,0.0,0.0,1.5,92.0,0.0,0.0,0.0,0.0,0.0,48_Progressive,1.49,0,0,-0.12420778112285562,-0.4982447747920537,0.7018884246154253,11.576450732919547,11.576450732919547
49,2026 Coca-Cola 600,2026-05-24,Busch Light,35,3,5.0,346.0,1618.0,2.0,4.0,9.0,43.0,0.0,0.0,0.0,0.0,0.0,49_Busch Light,0.2999999999999999,0,0,-1.7364493756977437,-0.4684837970451326,-0.5443321778213165,2.126947764849786,2.126947764849786
49,2026 Coca-Cola 600,2026-05-24,Castrol,15,0,7.0,146.0,729.0,12.0,1.0,8.0,51.0,0.0,0.0,0.0,0.0,0.0,49_Castrol,0.4199999999999999,0,0,-0.03935296035575625,-0.4982447747920537,-0.418662873373914,2.9143512334622628,2.9143512334622628
49,2026 Coca-Cola 600,2026-05-24,Cheddar's Scratch Kitchen,27,0,9.0,929.0,1593.0,9.0,2.0,,,0.0,0.0,0.0,0.0,0.0,49_Cheddar's Scratch Kitchen,0.5399999999999999,0,0,-1.0576108095609487,-0.4982447747920537,-0.2929935689265114,3.8858016446163504,3.8858016446163504
49,2026 Coca-Cola 600,2026-05-24,Love's Travel Stops,20,0,1.0,0.0,0.0,0.0,0.0,50.0,59.0,0.0,0.0,0.0,0.0,0.0,49_Love's Travel Stops,0.0599999999999999,0,0,-0.4636270641912531,-0.4982447747920537,-0.7956707867161215,0.0,0.0
49,2026 Coca-Cola 600,2026-05-24,Other/Unknown,1,295,0.0,0.0,0.0,0.0,0.0,,,0.0,0.0,0.0,0.0,0.0,49_Other/Unknown,,1,0,1.148614530383635,2.428251370321856,,,
49,2026 Coca-Cola 600,2026-05-24,Progressive,3,75,10.0,114471.0,3078.0,1855.0,5.0,3.0,89.0,0.0,0.0,0.0,0.0,0.0,49_Progressive,1.14,0,0,0.9789048888494362,0.2457796688809741,0.3353529533105012,13.344227263927069,13.344227263927069
50,2026 Cracker Barrel 400,2026-05-31,Busch Light,37,0,7.0,304.0,998.0,6.0,2.0,8.0,32.0,0.0,0.0,0.0,0.0,0.0,50_Busch Light,0.4199999999999999,0,0,-1.9061590172319425,-0.4982447747920537,-0.418662873373914,2.9143512334622628,2.9143512334622628
50,2026 Cracker Barrel 400,2026-05-31,Castrol,34,0,3.0,16170.0,3291.0,269.0,5.0,6.0,48.0,0.0,0.0,0.0,0.0,0.0,50_Castrol,0.2599999999999999,0,0,-1.6515945549306443,-0.4982447747920537,-0.5862219459704506,1.6190840185901458,1.6190840185901458
50,2026 Cracker Barrel 400,2026-05-31,Cheddar's Scratch Kitchen,27,0,9.0,0.0,0.0,0.0,0.0,,,0.0,0.0,0.0,0.0,0.0,50_Cheddar's Scratch Kitchen,0.5399999999999999,0,0,-1.0576108095609487,-0.4982447747920537,-0.2929935689265114,3.8858016446163504,3.8858016446163504
50,2026 Cracker Barrel 400,2026-05-31,Love's Travel Stops,20,0,4.0,0.0,0.0,0.0,0.0,50.0,66.0,0.0,0.0,0.0,0.0,0.0,50_Love's Travel Stops,0.24,0,0,-0.4636270641912531,-0.4982447747920537,-0.6071668300450177,1.4571756167311314,1.4571756167311314
50,2026 Cracker Barrel 400,2026-05-31,Other/Unknown,2,243,0.0,0.0,0.0,0.0,0.0,,,0.0,0.0,0.0,0.0,0.0,50_Other/Unknown,,0,0,1.0637597096165357,1.9123944227085563,,,
50,2026 Cracker Barrel 400,2026-05-31,Progressive,1,57,15.0,98096.0,5660.0,1426.0,10.0,2.0,100.0,0.0,0.0,0.0,0.0,0.0,50_Progressive,1.36,1,0,1.148614530383635,0.06721380239944742,0.5657466781307394,14.948563512939769,14.948563512939769
51,2026 Firekeepers Casino 400,2026-06-07,Busch Light,16,1,5.0,245.0,349.0,0.0,1.0,5.0,41.0,0.0,0.0,0.0,0.0,0.0,51_Busch Light,0.2999999999999999,0,0,-0.12420778112285562,-0.48832444887641335,-0.5443321778213165,2.004249803155379,2.004249803155379
51,2026 Firekeepers Casino 400,2026-06-07,Castrol,34,0,2.0,0.0,0.0,0.0,0.0,5.0,56.0,0.0,0.0,0.0,0.0,0.0,51_Castrol,0.12,0,0,-1.6515945549306443,-0.4982447747920537,-0.7328361344924201,0.4857252055770444,0.4857252055770444
51,2026 Firekeepers Casino 400,2026-06-07,Cheddar's Scratch Kitchen,20,0,4.0,0.0,0.0,0.0,0.0,,,0.0,0.0,0.0,0.0,0.0,51_Cheddar's Scratch Kitchen,0.24,0,0,-0.4636270641912531,-0.4982447747920537,-0.6071668300450177,1.4571756167311314,1.4571756167311314
51,2026 Firekeepers Casino 400,2026-06-07,Love's Travel Stops,22,0,2.0,0.0,0.0,0.0,0.0,33.0,62.0,0.0,0.0,0.0,0.0,0.0,51_Love's Travel Stops,0.12,0,0,-0.6333367057254519,-0.4982447747920537,-0.7328361344924201,0.4857252055770444,0.4857252055770444
51,2026 Firekeepers Casino 400,2026-06-07,Other/Unknown,2,159,0.0,0.0,0.0,0.0,0.0,,,0.0,0.0,0.0,0.0,0.0,51_Other/Unknown,,0,0,1.0637597096165357,1.0790870457947652,,,
51,2026 Firekeepers Casino 400,2026-06-07,Progressive,1,40,16.0,218909.0,4793.0,4437.0,8.0,3.0,97.0,0.0,0.0,0.0,0.0,0.0,51_Progressive,1.98,1,0,1.148614530383635,-0.10143173816643888,1.215038084442319,18.924791296166756,18.924791296166756
52,2026 Great American Getaway 400,2026-06-14,Busch Light,8,0,4.0,1.0,590.0,0.0,1.0,4.0,34.0,0.0,0.0,0.0,0.0,0.0,52_Busch Light,0.24,0,0,0.5546307850139394,-0.4982447747920537,-0.6071668300450177,1.4571756167311314,1.4571756167311314
52,2026 Great American Getaway 400,2026-06-14,Castrol,38,0,3.0,1190.0,985.0,10.0,2.0,4.0,56.0,1.0,0.0,0.8,0.0,1.0,52_Castrol,0.53,0,0,-1.9910138379990419,-0.4982447747920537,-0.30346601096379483,3.804847443686845,3.804847443686845
52,2026 Great American Getaway 400,2026-06-14,Cheddar's Scratch Kitchen,18,0,6.0,0.0,0.0,0.0,0.0,,,0.0,0.0,0.0,0.0,0.0,52_Cheddar's Scratch Kitchen,0.3599999999999999,0,0,-0.29391742265705434,-0.4982447747920537,-0.4814975255976153,2.4286260278852185,2.4286260278852185
52,2026 Great American Getaway 400,2026-06-14,Love's Travel Stops,19,6,2.0,0.0,0.0,0.0,0.0,51.0,59.0,0.0,0.0,0.0,0.0,0.0,52_Love's Travel Stops,0.12,0,0,-0.3787722434241537,-0.4387228192982115,-0.7328361344924201,0.8538190906602671,0.8538190906602671
52,2026 Great American Getaway 400,2026-06-14,Other/Unknown,2,126,0.0,0.0,0.0,0.0,0.0,,,0.0,0.0,0.0,0.0,0.0,52_Other/Unknown,,0,0,1.0637597096165357,0.751716290578633,,,
52,2026 Great American Getaway 400,2026-06-14,Progressive,1,28,13.0,1172.0,3418.0,53.0,5.0,4.0,94.0,0.0,0.0,0.0,0.0,0.0,52_Progressive,0.7799999999999999,1,0,1.148614530383635,-0.22047564915412332,-0.041654960031706365,8.474099414459433,8.474099414459433
53,2026 Anduril 250,2026-06-21,Busch Light,7,0,3.0,584.0,466.0,9.0,1.0,4.0,31.0,0.0,0.0,0.0,0.0,0.0,53_Busch Light,0.1799999999999999,0,0,0.6394856057810387,-0.4982447747920537,-0.6700014822687189,0.9714504111540888,0.9714504111540888
53,2026 Anduril 250,2026-06-21,Castrol,34,0,6.0,9382.0,540.0,26.0,2.0,3.0,42.0,0.0,0.0,0.0,0.0,0.0,53_Castrol,0.3999999999999999,0,0,-1.6515945549306443,-0.4982447747920537,-0.439607757448481,2.7524428316032483,2.7524428316032483
53,2026 Anduril 250,2026-06-21,Cheddar's Scratch Kitchen,36,1,15.0,45914.0,2242.0,388.0,5.0,,,0.0,0.0,0.0,0.0,0.0,53_Cheddar's Scratch Kitchen,1.11,0,0,-1.821304196464843,-0.48832444887641335,0.30393562719865075,8.561540078445473,8.561540078445473
53,2026 Anduril 250,2026-06-21,Love's Travel Stops,21,0,3.0,0.0,0.0,0.0,0.0,31.5,49.0,0.0,0.0,0.0,0.0,0.0,53_Love's Travel Stops,0.1799999999999999,0,0,-0.5484818849583525,-0.4982447747920537,-0.6700014822687189,0.9714504111540888,0.9714504111540888
53,2026 Anduril 250,2026-06-21,Other/Unknown,1,74,0.0,0.0,0.0,0.0,0.0,,,0.0,0.0,0.0,0.0,0.0,53_Other/Unknown,,1,0,1.148614530383635,0.23585934296533373,,,
53,2026 Anduril 250,2026-06-21,Progressive,14,0,15.0,0.0,0.0,0.0,0.0,1.0,88.5,0.0,0.0,0.0,0.0,0.0,53_Progressive,0.8999999999999999,0,0,0.04550186041134312,-0.4982447747920537,0.08401434441569616,6.800152878078615,6.800152878078615
